Crime ID,Month,Reported by,Falls within,Longitude,Latitude,Location,LSOA code,LSOA name,Crime type,Last outcome category,Context
ac9a5ad45d0736415a85b5c3acbb122c761dc0094b30a8ee1b6efadb73e0d10c,2016-10,Metropolitan Police Service,Metropolitan Police Service,-0.155165,51.380893,On or near Violet Close,E01004188,Sutton 004E,Bicycle theft,Investigation complete; no suspect identified,
9511301ef24c863bdfcb3a70d5071e38fc7cf8f6b4824ba9074a0d07009387ce,2016-10,Metropolitan Police Service,Metropolitan Police Service,-0.229262,51.383799,On or near Pondside Avenue,E01004193,Sutton 006D,Bicycle theft,Status update unavailable,
1088c5c33fcbd74dd171768148559fcf54be663f0d7dbc9e6663de72dfde4ca5,2016-10,Metropolitan Police Service,Metropolitan Police Service,-0.238706,51.380354,On or near Washington Road,E01004195,Sutton 006E,Bicycle theft,Status update unavailable,
5dd11018f67fcfe1f901f15e9d6f4cbfb755382848fdc435946474e4a22043fc,2016-10,Metropolitan Police Service,Metropolitan Police Service,-0.186625,51.363004,On or near Clowser Close,E01004139,Sutton 013D,Bicycle theft,Status update unavailable,
69251f6ac7b69c074506c00beb9b6443b1b92eb1ee751b5c136d02c9cb62af48,2016-10,Metropolitan Police Service,Metropolitan Police Service,-0.201224,51.367653,On or near Wings Close,E01004143,Sutton 014A,Bicycle theft,Investigation complete; no suspect identified,
bca73eec9446ad08517b5e6309bca521910e9335bf063ed4001d507542e55eb5,2016-10,Metropolitan Police Service,Metropolitan Police Service,-0.213114,51.354499,On or near Champneys Close,E01004110,Sutton 016A,Bicycle theft,Status update unavailable,
7a8843fa02b019f27db6824bd362afcbdf6fd41b6f628f3e6ba6bae2c2b243e7,2016-10,Metropolitan Police Service,Metropolitan Police Service,-0.145770,51.349882,On or near Sandy Hill Road,E01004181,Sutton 020E,Bicycle theft,Status update unavailable,
17df1584fff9f30efbb9dc83ae6cc57b8138eb0466af602370a8b9cebd82c330,2016-10,Metropolitan Police Service,Metropolitan Police Service,-0.209406,51.354937,On or near Hillside Road,E01004095,Sutton 025C,Bicycle theft,Status update unavailable,
edc10da8a74232b1af9852025a9506b796690e8e429fee124e6f9690e1e01963,2016-11,Metropolitan Police Service,Metropolitan Police Service,-0.179699,51.383354,On or near Paisley Road,E01004123,Sutton 002A,Bicycle theft,Investigation complete; no suspect identified,
318afd5a38e206aa0fa014d42ce379da36654b8c7a3377b3b0ab15ec8f998d88,2016-11,Metropolitan Police Service,Metropolitan Police Service,-0.197630,51.373929,On or near Blenheim Road,E01004146,Sutton 007C,Bicycle theft,Investigation complete; no suspect identified,
206426b0a8bf8577f1b12dc8ddf4d6652f2f358c1b970b7e73de45ca16f15844,2016-11,Metropolitan Police Service,Metropolitan Police Service,-0.222982,51.371160,On or near Hilbert Road,E01004119,Sutton 009C,Bicycle theft,Status update unavailable,
483bb2cabbc497cefb8902421d503256970aafcd0b5e6d1d2a8bdd80345d7348,2016-11,Metropolitan Police Service,Metropolitan Police Service,-0.134489,51.385431,On or near Therapia Lane,E01004076,Sutton 011A,Bicycle theft,Investigation complete; no suspect identified,
1a75e627573f946ec239d50732f1b5d56ae3b645a0ec1bac5d7cee96b50d182a,2016-11,Metropolitan Police Service,Metropolitan Police Service,-0.193767,51.369139,On or near Lewis Road,E01004140,Sutton 012B,Bicycle theft,Status update unavailable,
376d87a633a7f474e7abdaa41e8b21fa7b9e36d6d570c0166999159e480b81a3,2016-11,Metropolitan Police Service,Metropolitan Police Service,-0.152037,51.360098,On or near Parking Area,E01004170,Sutton 017B,Bicycle theft,Status update unavailable,
b5fe2d4e14f02a21c91d47a26c41db5fb7e77027e658a7a7ede9a0cf8a26f58c,2016-11,Metropolitan Police Service,Metropolitan Police Service,-0.149872,51.359983,On or near Manor Road,E01004178,Sutton 017D,Bicycle theft,Investigation complete; no suspect identified,
bc1a33066efe09c395f42d11b975ee6e53240b83a814ab839550792e4edf95cd,2016-11,Metropolitan Police Service,Metropolitan Police Service,-0.195029,51.360436,On or near Sutton Park Road,E01004156,Sutton 018C,Bicycle theft,Investigation complete; no suspect identified,
ea5b2525dbed7f74d79765e2f20f5cef68d37cffb09b5c5e50f1ba7e8a6a9e4d,2016-11,Metropolitan Police Service,Metropolitan Police Service,-0.133406,51.353760,On or near Brown Close,E01004089,Sutton 019D,Bicycle theft,Status update unavailable,
5d668ab8f6ab1abe9a73fe74d5d95cbfdbf4064d9403b153ef6cbd73c474e840,2016-12,Metropolitan Police Service,Metropolitan Police Service,-0.238587,51.386089,On or near Caverleigh Way,E01004192,Sutton 006C,Bicycle theft,Status update unavailable,
a0a4efdbdb5bcad250d08147e479134acd92d27c1d69abcfa1e2767292fc28a3,2016-12,Metropolitan Police Service,Metropolitan Police Service,-0.229963,51.378657,On or near Brecon Close,E01004190,Sutton 008C,Bicycle theft,Investigation complete; no suspect identified,
fda8257bf9d740009c9d5072bf64bc2ed3e90dc975292ef6ceb275974b187bd0,2016-12,Metropolitan Police Service,Metropolitan Police Service,-0.221429,51.367872,On or near Priory Avenue,E01004118,Sutton 009B,Bicycle theft,Investigation complete; no suspect identified,
a6d60f4d94e4f3baecddef57a95cc8e17cef625ae005a3fbed647950207f47b2,2016-12,Metropolitan Police Service,Metropolitan Police Service,-0.192968,51.364990,On or near Lodge Place,E01004142,Sutton 012D,Bicycle theft,Investigation complete; no suspect identified,
29414c9e5d14056cbb707d10f456f7ae1ca52e0e26390f609a08b0aa8fa35589,2016-12,Metropolitan Police Service,Metropolitan Police Service,-0.193175,51.360101,On or near Grove Road,E01004142,Sutton 012D,Bicycle theft,Investigation complete; no suspect identified,
f455ffd947b8abe40ee07e469c7957ae9c37209d29bb29069abfe39c84389a96,2016-12,Metropolitan Police Service,Metropolitan Police Service,-0.210563,51.367257,On or near St Albans Road,E01004159,Sutton 014C,Bicycle theft,Status update unavailable,
12863316419eb390dde92a11516714a188b0814e3a5dbcc75ad0ec2de5c59c79,2016-12,Metropolitan Police Service,Metropolitan Police Service,-0.164343,51.367000,On or near North Street,E01004099,Sutton 015C,Bicycle theft,Investigation complete; no suspect identified,
8154ef469ab88f18d5929257a7331a7e0b89be7ef61a485e447ba1b2b3930e3d,2016-12,Metropolitan Police Service,Metropolitan Police Service,-0.191402,51.359507,On or near High Street,E01004156,Sutton 018C,Bicycle theft,Status update unavailable,
c4ec533b670ce25c30ad3cf20ce7f29c15870017582d14df851faccd870dda10,2016-12,Metropolitan Police Service,Metropolitan Police Service,-0.193808,51.350948,On or near Basinghall Gardens,E01004096,Sutton 021B,Bicycle theft,Status update unavailable,
1f4caa77512d8201428ac1e47bd485f22a9bf2a52dbe36d73517b332a9ff79ce,2017-01,Metropolitan Police Service,Metropolitan Police Service,-0.243191,51.379567,On or near Police Station,E01004195,Sutton 006E,Bicycle theft,Status update unavailable,
791a1ed957a61f0bf6748a5b5ed211050f4902999b7fb59baa56942530c3ce66,2017-01,Metropolitan Police Service,Metropolitan Police Service,-0.192412,51.363057,On or near Shopping Area,E01004142,Sutton 012D,Bicycle theft,Local resolution,
8f89afb87b1d0b84b9abbf3f0f451c702495820185656488fbd05f8a8fe3fcbe,2017-01,Metropolitan Police Service,Metropolitan Police Service,-0.199467,51.368876,On or near Bushey Road,E01004142,Sutton 012D,Bicycle theft,Investigation complete; no suspect identified,
1fddace19768cd0e535bf70be1dd49dea2434f415c733faa1a23896d5dbc1015,2017-01,Metropolitan Police Service,Metropolitan Police Service,-0.184468,51.365605,On or near Lower Road,E01004138,Sutton 013C,Bicycle theft,Investigation complete; no suspect identified,
a5f367f064194bfc740b3f7966b6ebcebb4cd726324987272f8dff6418c8efaa,2017-01,Metropolitan Police Service,Metropolitan Police Service,-0.201224,51.367653,On or near Wings Close,E01004143,Sutton 014A,Bicycle theft,Local resolution,
faa2c8ad34ec0e43ef4d1a8c589d8607e351009a8981b1978cff1838422a2b00,2017-01,Metropolitan Police Service,Metropolitan Police Service,-0.144396,51.348350,On or near Ascot Mews,E01004087,Sutton 017A,Bicycle theft,Status update unavailable,
790632cfcc701403b146018161b9172359f06fe7ce5090b96579e15b14e5d8e4,2017-01,Metropolitan Police Service,Metropolitan Police Service,-0.195029,51.360436,On or near Sutton Park Road,E01004156,Sutton 018C,Bicycle theft,Local resolution,
bb6ea044fca2c740cfd3f0065625cb0d8ae1a4c1b185cecee0a5ed60bb39b7c7,2017-01,Metropolitan Police Service,Metropolitan Police Service,-0.190391,51.343611,On or near Hospital,E01004091,Sutton 022A,Bicycle theft,Investigation complete; no suspect identified,
0c3883490c727c68af4558544fb1a46442a89d770e2ed5efe41a09ab45979b23,2017-02,Metropolitan Police Service,Metropolitan Police Service,-0.129477,51.370873,On or near Kingston Gardens,E01004078,Sutton 011C,Bicycle theft,Status update unavailable,
6c9a69fc4577f5d63e6b74d8c8354537059e415caaa12bb49aee5f01b2b31d5f,2017-02,Metropolitan Police Service,Metropolitan Police Service,-0.191566,51.368476,On or near Brunswick Road,E01004140,Sutton 012B,Bicycle theft,Status update unavailable,
507e2083e2a5579026f3feab02ffa104025bd0998a7e6242734d3f1fb1b7b4b4,2017-02,Metropolitan Police Service,Metropolitan Police Service,-0.190023,51.373002,On or near All Saints Road,E01004149,Sutton 012E,Bicycle theft,Status update unavailable,
de185404f26afa8796ec69069a3ef05ceda4381e9beb62543ff22bf532fd1a7f,2017-02,Metropolitan Police Service,Metropolitan Police Service,-0.186545,51.352652,On or near Devonshire Road,E01004092,Sutton 022B,Bicycle theft,Status update unavailable,
dd2e65c621c4852f3be844d23dacbc66599b2564b5217d1c7b667b58e57773b4,2017-03,Metropolitan Police Service,Metropolitan Police Service,-0.180892,51.378265,On or near Whitby Road,E01004128,Sutton 002D,Bicycle theft,Investigation complete; no suspect identified,
539aa387e2cf83a933b42c754dff5487c84824e843a7e716b0f6d46ea5f08155,2017-03,Metropolitan Police Service,Metropolitan Police Service,-0.215875,51.380296,On or near Violet Close,E01004136,Sutton 003E,Bicycle theft,Status update unavailable,
3ae31afffd836a7977c12c1da50549ac5b5785b58ff1df547ea285d6c614d96e,2017-03,Metropolitan Police Service,Metropolitan Police Service,-0.165130,51.371401,On or near Further/Higher Educational Building,E01004164,Sutton 004A,Bicycle theft,Status update unavailable,
12ed4b3da3128a44a826542f23e9fee941c2dcacad74666e1e452c2d1dcc183b,2017-03,Metropolitan Police Service,Metropolitan Police Service,-0.166738,51.369277,On or near Camden Road,E01004166,Sutton 004B,Bicycle theft,Status update unavailable,
e039e3f5b7b27fe42134628c701ec0e75cd3165cfd2f5f5818dc3c91c3753488,2017-03,Metropolitan Police Service,Metropolitan Police Service,-0.155191,51.379554,On or near Mile Road,E01004188,Sutton 004E,Bicycle theft,Status update unavailable,
dc63e40bf5d1ec453e5b75ea77f7d2867c36b5332f93ff8a079d23a573fa68e4,2017-03,Metropolitan Police Service,Metropolitan Police Service,-0.155551,51.379515,On or near B277,E01004188,Sutton 004E,Bicycle theft,Investigation complete; no suspect identified,
8c2f96df3e872bea7897fa66f21bc5edffab8cceac196850d312205e5b8c8795,2017-03,Metropolitan Police Service,Metropolitan Police Service,-0.174906,51.378847,On or near Welhouse Road,E01004127,Sutton 005A,Bicycle theft,Status update unavailable,
5772cf33dd7e4526cf195364f81a592605ba5283e9e897e690c8b08a6f4483ef,2017-03,Metropolitan Police Service,Metropolitan Police Service,-0.173771,51.375223,On or near Seven Acres,E01004167,Sutton 005D,Bicycle theft,Status update unavailable,
85f13de34e635a7db44c9bf95deb376c9d32bea564c9ff87cd6007394a307e01,2017-03,Metropolitan Police Service,Metropolitan Police Service,-0.194283,51.375739,On or near Cranleigh Gardens,E01004144,Sutton 007A,Bicycle theft,Status update unavailable,
2311342afeb52674a7982d6ef2349019d8ec9726ebdf0f142fbe9437fba4654d,2017-03,Metropolitan Police Service,Metropolitan Police Service,-0.191592,51.378773,On or near Gloucester Gardens,E01004144,Sutton 007A,Bicycle theft,Status update unavailable,
c804bdaaead56516181cb4e3d6f0b217157343caf1033490a37c928ac90333cd,2017-03,Metropolitan Police Service,Metropolitan Police Service,-0.200662,51.377959,On or near Clensham Court,E01004145,Sutton 007B,Bicycle theft,Status update unavailable,
40ca0f8c86a7bac0e4ae552ad80c1724a7a8d08dc2bc983d027b9031a9d226aa,2017-03,Metropolitan Police Service,Metropolitan Police Service,-0.221960,51.373437,On or near Camberley Close,E01004119,Sutton 009C,Bicycle theft,Status update unavailable,
3492921f7e8f71e9d1330d30a91d5e3f2d3cedad7100acfa33abe4ef6f7907a7,2017-03,Metropolitan Police Service,Metropolitan Police Service,-0.191953,51.362295,On or near Shopping Area,E01004142,Sutton 012D,Bicycle theft,Investigation complete; no suspect identified,
04832611cc270808890ee3703106bfaf746553370c207737314e6bd8a6ac11ba,2017-03,Metropolitan Police Service,Metropolitan Police Service,-0.191953,51.362295,On or near Shopping Area,E01004142,Sutton 012D,Bicycle theft,Investigation complete; no suspect identified,
511c13c20a89739f98b52323229c0ad70acd4e224a9baae7fe919f6625136f7f,2017-03,Metropolitan Police Service,Metropolitan Police Service,-0.191512,51.364023,On or near Parking Area,E01004142,Sutton 012D,Bicycle theft,Status update unavailable,
fa40febd839aa4eb62984f07c9b2e3aba06825e4d4fe554d52319ed09b5db511,2017-03,Metropolitan Police Service,Metropolitan Police Service,-0.166926,51.367454,On or near Sycamore Close,E01004099,Sutton 015C,Bicycle theft,Status update unavailable,
71e44309e562b1c891ce525e0563022b7f897b65c0e1e55308f424917c94c6f2,2017-03,Metropolitan Police Service,Metropolitan Police Service,-0.215487,51.358114,On or near Supermarket,E01004110,Sutton 016A,Bicycle theft,Status update unavailable,
ebbc65026cd2e829c926ba8b30a814aff185623cac9ccedbc8ba4df60957f61f,2017-03,Metropolitan Police Service,Metropolitan Police Service,-0.191402,51.359507,On or near High Street,E01004156,Sutton 018C,Bicycle theft,Status update unavailable,
9bd2fb2fd309df3545989348a4fb50ce32d423be2cd24a675ec199021a084414,2017-03,Metropolitan Police Service,Metropolitan Police Service,-0.195029,51.360436,On or near Sutton Park Road,E01004156,Sutton 018C,Bicycle theft,Status update unavailable,
ec2d48e5eefff0679f3705bf9e65d5a455063bc2480eadc808e4e01fecd65875,2017-03,Metropolitan Police Service,Metropolitan Police Service,-0.191402,51.359507,On or near High Street,E01004156,Sutton 018C,Bicycle theft,Status update unavailable,
8e35b88eac9ca91f7dfabc4be994c28cff2b1138d95777caa17b8f6d3ed32bf3,2017-04,Metropolitan Police Service,Metropolitan Police Service,-0.174909,51.384170,On or near Assembly Walk,E01004183,Sutton 001B,Bicycle theft,Investigation complete; no suspect identified,
8ba337753d659fbeb1b14bea0548af9877e33a29bfb26b05f195895de9f73d2c,2017-04,Metropolitan Police Service,Metropolitan Police Service,-0.173325,51.384613,On or near Neville Walk,E01004183,Sutton 001B,Bicycle theft,Investigation complete; no suspect identified,
91e02429515ae62fef9b93e8a7bd6db884e6ed56534e8d993493229571471534,2017-04,Metropolitan Police Service,Metropolitan Police Service,-0.174906,51.378847,On or near Welhouse Road,E01004127,Sutton 005A,Bicycle theft,Status update unavailable,
9c52852aad58db10d43db9083df36a4aeec9e6355a21c6aa58e383c528e17b43,2017-04,Metropolitan Police Service,Metropolitan Police Service,-0.166265,51.382902,On or near Bisham Close,E01004187,Sutton 005E,Bicycle theft,Investigation complete; no suspect identified,
c8d674bb428fa2a31970189f50d54f1c704c64145c964505982571b3aa8fe409,2017-04,Metropolitan Police Service,Metropolitan Police Service,-0.243191,51.379567,On or near Police Station,E01004195,Sutton 006E,Bicycle theft,Investigation complete; no suspect identified,
d759972c6fa950f0938fc91b70996ef53d4bbf93727e21a1e73632553ec8a85a,2017-04,Metropolitan Police Service,Metropolitan Police Service,-0.202407,51.371187,On or near Alexandra Avenue,E01004148,Sutton 014B,Bicycle theft,Status update unavailable,
b5e4539092c074d2f439553fafe4b9bff8bb4ccb40a0118a74692a3868878429,2017-04,Metropolitan Police Service,Metropolitan Police Service,-0.164343,51.367000,On or near North Street,E01004099,Sutton 015C,Bicycle theft,Status update unavailable,
6825bbb6ec3097fcb141fcb3cd23bf43d4525378188d25a43383bbf7ddd59e70,2017-04,Metropolitan Police Service,Metropolitan Police Service,-0.149872,51.359983,On or near Manor Road,E01004178,Sutton 017D,Bicycle theft,Investigation complete; no suspect identified,
0bb60b5058dffc0be97a172527b7153350e03425c406163d93da78eb6e50838b,2017-04,Metropolitan Police Service,Metropolitan Police Service,-0.191402,51.359507,On or near High Street,E01004156,Sutton 018C,Bicycle theft,Status update unavailable,
40fda5d00fab7b9983abcb162e1d54eda28303a5a64568d99cc4c302c6353e45,2017-04,Metropolitan Police Service,Metropolitan Police Service,-0.191402,51.359507,On or near High Street,E01004156,Sutton 018C,Bicycle theft,Status update unavailable,
52769a15b47abcd86a61768cc65d0baef93766b62d0c777e843b5c94772fea2a,2017-04,Metropolitan Police Service,Metropolitan Police Service,-0.190673,51.359055,On or near The Quadrant,E01004150,Sutton 021C,Bicycle theft,Investigation complete; no suspect identified,
add302eed734ad3d52156c1eea086e2c9bd2fa1f2c35cc306cd96d16828b59f4,2017-04,Metropolitan Police Service,Metropolitan Police Service,-0.209406,51.354937,On or near Hillside Road,E01004095,Sutton 025C,Bicycle theft,Offender given a caution,
942baee53912102b46f6c90c406b82c97c42a1cc1bfc54853b402fe7072fbea7,2017-05,Metropolitan Police Service,Metropolitan Police Service,-0.170260,51.384718,On or near St Alban'S Grove,E01004184,Sutton 001C,Bicycle theft,Status update unavailable,
dc1d319da6f9ee8c113be7c94faaa6034b098e470371a6176af05ea4ee44c753,2017-05,Metropolitan Police Service,Metropolitan Police Service,-0.176655,51.379665,On or near Welbeck Road,E01004126,Sutton 002C,Bicycle theft,Investigation complete; no suspect identified,
4e441de84de868891280531cd0b20e11b7c1fb795df560d782c988c6c315ecec,2017-05,Metropolitan Police Service,Metropolitan Police Service,-0.191188,51.386104,On or near Haines Walk,E01004129,Sutton 002E,Bicycle theft,Investigation complete; no suspect identified,
04631b5d9ed6914548c76bdde58b6ad4343338abc4541eaa3036222655f83268,2017-05,Metropolitan Police Service,Metropolitan Police Service,-0.166069,51.374500,On or near Home Close,E01004164,Sutton 004A,Bicycle theft,Status update unavailable,
317c92b31adf5953d4c829a4eabfb56e3a91c93aec6489da8d279d21c2ed4ef6,2017-05,Metropolitan Police Service,Metropolitan Police Service,-0.166745,51.372334,On or near Petrol Station,E01004164,Sutton 004A,Bicycle theft,Status update unavailable,
f168471ed9584a800aa834e94b23c5ff65d2fede29c6f61b5383362358c9be78,2017-05,Metropolitan Police Service,Metropolitan Police Service,-0.155551,51.379515,On or near B277,E01004188,Sutton 004E,Bicycle theft,Status update unavailable,
cd2bfd4457e05d3f04f75493fb82ef0fc420cec951c23eba07029b27835e392c,2017-05,Metropolitan Police Service,Metropolitan Police Service,-0.165595,51.375940,On or near Green Close,E01004163,Sutton 005B,Bicycle theft,Investigation complete; no suspect identified,
4df859cfc35ec6dd6be870b1871fc5da4cf875784a3a4e82246c4a8d62faf5f4,2017-05,Metropolitan Police Service,Metropolitan Police Service,-0.134765,51.374051,On or near Crispin Crescent,E01004076,Sutton 011A,Bicycle theft,Status update unavailable,
9abff742692e54d5326f8cb3a46dfd83a1381acd06e10e46ab38d0cb017f81ce,2017-05,Metropolitan Police Service,Metropolitan Police Service,-0.134765,51.374051,On or near Crispin Crescent,E01004076,Sutton 011A,Bicycle theft,Status update unavailable,
7ed172a90c2afcd28cbb8669e56acc5b8848c6858862e8f17b34154a9d990db3,2017-05,Metropolitan Police Service,Metropolitan Police Service,-0.137955,51.383247,On or near Bus/Coach Station,E01004076,Sutton 011A,Bicycle theft,Status update unavailable,
9864b3c9f14173474d53d8cf13b794536a6e3be968601e6f47eddbb3ba0d7edc,2017-05,Metropolitan Police Service,Metropolitan Police Service,-0.194902,51.367673,On or near High Street,E01004140,Sutton 012B,Bicycle theft,Investigation complete; no suspect identified,
92b2a921143b5feacfc0ecdcd709f8129b6d1ad4cb6181aff041991e48282724,2017-05,Metropolitan Police Service,Metropolitan Police Service,-0.194211,51.367707,On or near Marshall'S Road,E01004140,Sutton 012B,Bicycle theft,Court result unavailable,
55d7d69bc68246c4383660cf8faab93d8c01120307586eecbef58231715f9c89,2017-05,Metropolitan Police Service,Metropolitan Police Service,-0.194280,51.361953,On or near Pedestrian Subway,E01004142,Sutton 012D,Bicycle theft,Investigation complete; no suspect identified,
aeca51a1b4364e27480cd84b7984d1c70e1427662949d64f9ffb0b5b7003085f,2017-05,Metropolitan Police Service,Metropolitan Police Service,-0.196927,51.367326,On or near Wilcox Road,E01004142,Sutton 012D,Bicycle theft,Status update unavailable,
69421df32058508844c0235de948ccb5387bf49812871939dee594433674f8e6,2017-05,Metropolitan Police Service,Metropolitan Police Service,-0.195803,51.369611,On or near Vale Road,E01004142,Sutton 012D,Bicycle theft,Investigation complete; no suspect identified,
ad5e9316a47f347dd5bee9b03687cf9e84ea39d2ecc61f433f3dbc2b512313ee,2017-05,Metropolitan Police Service,Metropolitan Police Service,-0.199116,51.364257,On or near Robin Hood Lane,E01004143,Sutton 014A,Bicycle theft,Status update unavailable,
6869900795d165168388350d6d57ca2d86d46af9094a84d650dceeeb4096c675,2017-05,Metropolitan Police Service,Metropolitan Police Service,-0.223145,51.364741,On or near Netley Close,E01004111,Sutton 016B,Bicycle theft,Investigation complete; no suspect identified,
e37118386f5dd8db7a48db95fa21aaf4a0711853ade3021e6c73412a3e3dc067,2017-05,Metropolitan Police Service,Metropolitan Police Service,-0.149872,51.359983,On or near Manor Road,E01004178,Sutton 017D,Bicycle theft,Investigation complete; no suspect identified,
522c50a525059d308f51bc21a51bfc67962c487d8fbc0339ba02c1f7d1cde7db,2017-05,Metropolitan Police Service,Metropolitan Police Service,-0.201274,51.356476,On or near Overton Road,E01004158,Sutton 018D,Bicycle theft,Status update unavailable,
6d3fcc8e61f95c46cd86f565dddbbca4b58ac3a123df40a005b981102fbaf7a2,2017-05,Metropolitan Police Service,Metropolitan Police Service,-0.193199,51.343043,On or near Clifton Avenue,E01004094,Sutton 025B,Bicycle theft,Investigation complete; no suspect identified,
fb3e7c1f1fee11669219f1aeb7914357d7010e1db5c4889181ba1dfa8508af34,2017-06,Metropolitan Police Service,Metropolitan Police Service,-0.176986,51.380381,On or near Tavistock Road,E01004126,Sutton 002C,Bicycle theft,Status update unavailable,
68cf89fab483318d271c36cbc651fc5e07fa196c56d8329618675e2f85cfa3af,2017-06,Metropolitan Police Service,Metropolitan Police Service,-0.182957,51.380554,On or near Wrythe Lane,E01004128,Sutton 002D,Bicycle theft,Status update unavailable,
66161b886bb6b07d31e2719a25e8832d93cf007de5ca66e2105e77ba2735ddca,2017-06,Metropolitan Police Service,Metropolitan Police Service,-0.182111,51.375793,On or near Duke Of Edinburgh Road,E01004167,Sutton 005D,Bicycle theft,Local resolution,
db7de17ef611b26e3874c730d4345e3e2068c0218e2a15795402602a76468a43,2017-06,Metropolitan Police Service,Metropolitan Police Service,-0.243191,51.379567,On or near Police Station,E01004195,Sutton 006E,Bicycle theft,Investigation complete; no suspect identified,
cc314009b6326a604047838f2ac515ca32e5cdc4ede3cd02e7f29b7610c81966,2017-06,Metropolitan Police Service,Metropolitan Police Service,-0.195132,51.377181,On or near Sports/Recreation Area,E01004145,Sutton 007B,Bicycle theft,Investigation complete; no suspect identified,
e9db087089e6d2d688eb20e8e34a961b638094e86a1287a3ae186640ef59e33f,2017-06,Metropolitan Police Service,Metropolitan Police Service,-0.229184,51.374257,On or near Farm Way,E01004191,Sutton 008D,Bicycle theft,Investigation complete; no suspect identified,
a31064a69ba960ec313b37e340ecc5821917f35afb91c1f87615194e3c8be440,2017-06,Metropolitan Police Service,Metropolitan Police Service,-0.128115,51.378558,On or near Pylon Way,E01004076,Sutton 011A,Bicycle theft,Investigation complete; no suspect identified,
80d063609a8f7b53819a6e09fdf7d463f97dfbf2d93d5a8c1606f3c30f49f630,2017-06,Metropolitan Police Service,Metropolitan Police Service,-0.193905,51.366722,On or near Elm Grove,E01004140,Sutton 012B,Bicycle theft,Status update unavailable,
67af0a1ee12d378cec2b9c484b633da6b505d5b700a85c6fc3c64bb256ce1759,2017-06,Metropolitan Police Service,Metropolitan Police Service,-0.191728,51.362183,On or near Throwley Road,E01004142,Sutton 012D,Bicycle theft,Court result unavailable,
48c5906bd21a41fc2eb055c078cdb4a6788256460bdd1344e6eca5c4a4bd410b,2017-06,Metropolitan Police Service,Metropolitan Police Service,-0.191402,51.359507,On or near High Street,E01004156,Sutton 018C,Bicycle theft,Status update unavailable,
e10bf6312504942599f90563117f1c9eafb79a2243d218fe8c2b7ee8784f7946,2017-06,Metropolitan Police Service,Metropolitan Police Service,-0.162593,51.355111,On or near Park View Close,E01004104,Sutton 020A,Bicycle theft,Status update unavailable,
41bd7d5e1aa71f6c1f9829534a6c59f19d25d66e13ac48b661dba429cac47fe4,2017-06,Metropolitan Police Service,Metropolitan Police Service,-0.190391,51.343611,On or near Hospital,E01004091,Sutton 022A,Bicycle theft,Status update unavailable,
4367a74bd37e70a3a26adc0e1bbd258ddb032262cd4c8d95f986671067cbd1e0,2017-07,Metropolitan Police Service,Metropolitan Police Service,-0.182957,51.380554,On or near Wrythe Lane,E01004128,Sutton 002D,Bicycle theft,Status update unavailable,
e4567f9cbc3f27c225867483937b03e8535b74736e2682fdfe35d40000e198a1,2017-07,Metropolitan Police Service,Metropolitan Police Service,-0.236514,51.386184,On or near Lancaster Close,E01004192,Sutton 006C,Bicycle theft,Status update unavailable,
85375bfa495bf32c91f3ec36bfa6f5cb3f1302f36446f1653108b9d6b995d03f,2017-07,Metropolitan Police Service,Metropolitan Police Service,-0.158726,51.368791,On or near Arcadia Close,E01004176,Sutton 010E,Bicycle theft,Status update unavailable,
bd1227e246a92b94ac8d199a37f55efaad1780a33cb27e93c4897e70b0cdd529,2017-07,Metropolitan Police Service,Metropolitan Police Service,-0.158726,51.368791,On or near Arcadia Close,E01004176,Sutton 010E,Bicycle theft,Status update unavailable,
bd1227e246a92b94ac8d199a37f55efaad1780a33cb27e93c4897e70b0cdd529,2017-07,Metropolitan Police Service,Metropolitan Police Service,-0.158726,51.368791,On or near Arcadia Close,E01004176,Sutton 010E,Bicycle theft,Status update unavailable,
d835d7344bc0da939ed0a8cb5370107777dca988cb6e8f519cd705cdff20ca47,2017-07,Metropolitan Police Service,Metropolitan Police Service,-0.140928,51.388609,On or near Elberon Avenue,E01004076,Sutton 011A,Bicycle theft,Status update unavailable,
80d24076fb35ba2977d1d2272e6dd06cada6f30a4ce04e51ef1f7ae328ed29cd,2017-07,Metropolitan Police Service,Metropolitan Police Service,-0.125107,51.368834,On or near Lavington Road,E01004080,Sutton 011E,Bicycle theft,Status update unavailable,
f117cf1babba817667292996e76b3e69c7065b9f6c8b74659e24b2737bd121ee,2017-07,Metropolitan Police Service,Metropolitan Police Service,-0.194902,51.367673,On or near High Street,E01004140,Sutton 012B,Bicycle theft,Investigation complete; no suspect identified,
eec55673059e622bfc0ad157a3f40d78a821e59e0d816fa444fbb6539fe7841e,2017-07,Metropolitan Police Service,Metropolitan Police Service,-0.195316,51.361168,On or near Sutton Park Road,E01004142,Sutton 012D,Bicycle theft,Investigation complete; no suspect identified,
8fb8f65a6c081fc21a618b58453d38ab35db0e547d6877408100ada3467e09dc,2017-07,Metropolitan Police Service,Metropolitan Police Service,-0.192968,51.364990,On or near Lodge Place,E01004142,Sutton 012D,Bicycle theft,Investigation complete; no suspect identified,
727de16f2f99ec32f7b2b6bcc826ed80797f0b307348b11c5e69085774a7cbcc,2017-07,Metropolitan Police Service,Metropolitan Police Service,-0.166082,51.368430,On or near Parking Area,E01004099,Sutton 015C,Bicycle theft,Status update unavailable,
abb72a7e66ea13abda2832c33bc17509ac70ad06402bf8ed5159db47165fa6eb,2017-08,Metropolitan Police Service,Metropolitan Police Service,-0.208665,51.383495,On or near Gillian Park Road,E01004134,Sutton 003C,Bicycle theft,Investigation complete; no suspect identified,
abb72a7e66ea13abda2832c33bc17509ac70ad06402bf8ed5159db47165fa6eb,2017-08,Metropolitan Police Service,Metropolitan Police Service,-0.208665,51.383495,On or near Gillian Park Road,E01004134,Sutton 003C,Bicycle theft,Status update unavailable,
e7905aa6c173f53c0eb16747bb2d12dea32ecedbaae3bfc9d193517d6d16b0e1,2017-08,Metropolitan Police Service,Metropolitan Police Service,-0.205125,51.383252,On or near Sutton Common Road,E01004135,Sutton 003D,Bicycle theft,Court result unavailable,
ed9b02fb1249d915c9fff5bed917086d975ebd3ab8074bfb010410c8fb119f0f,2017-08,Metropolitan Police Service,Metropolitan Police Service,-0.215669,51.372640,On or near St Margaret'S Avenue,E01004133,Sutton 009E,Bicycle theft,Status update unavailable,
4a22ac5eb826c6c023e31c2e26f37118843322dbc198381f390da321b8942bc7,2017-08,Metropolitan Police Service,Metropolitan Police Service,-0.192579,51.364283,On or near Shopping Area,E01004142,Sutton 012D,Bicycle theft,Status update unavailable,
641c99993163101df8b7eb178965986af03a5672453ceca8217b8a956b5a85b7,2017-08,Metropolitan Police Service,Metropolitan Police Service,-0.204001,51.370852,On or near Collingwood Road,E01004148,Sutton 014B,Bicycle theft,Investigation complete; no suspect identified,
dacce6605f2cbeebf78e8e2edba8ee6fdb657764ac198b310b95c3555640715d,2017-08,Metropolitan Police Service,Metropolitan Police Service,-0.200141,51.371449,On or near Pedestrian Subway,E01004148,Sutton 014B,Bicycle theft,Investigation complete; no suspect identified,
ebd2917cf1f5c2f60dca10ac683da30f7fc339765bde46782f10bcf680c60e6c,2017-08,Metropolitan Police Service,Metropolitan Police Service,-0.214124,51.355108,On or near Station Approach,E01004110,Sutton 016A,Bicycle theft,Status update unavailable,
82997550255565c2b16a10a1684ed63c583d4f5e6c96c0f5cb03836d6f0b69fd,2017-08,Metropolitan Police Service,Metropolitan Police Service,-0.191552,51.357522,On or near Petrol Station,E01004152,Sutton 018A,Bicycle theft,Status update unavailable,
60631e25a4621c99cce82957ea515d50a4c981a64de974c98734a0312e8e158f,2017-08,Metropolitan Police Service,Metropolitan Police Service,-0.191402,51.359507,On or near High Street,E01004156,Sutton 018C,Bicycle theft,Status update unavailable,
47d45956cd5f493499c9f496e04b816e9d9c4b49652c73f382c1dac7a0ec49a0,2017-09,Metropolitan Police Service,Metropolitan Police Service,-0.190556,51.366050,On or near Litchfield Road,E01004137,Sutton 012A,Bicycle theft,Status update unavailable,
62252d13fe449afa843715f8057469d96ea61a7999dd1e93b27fdda8112e5fd5,2017-09,Metropolitan Police Service,Metropolitan Police Service,-0.191438,51.360785,On or near Bank Mews,E01004142,Sutton 012D,Bicycle theft,Status update unavailable,
da620ad0c2571429105bd8bd6291b0d6efa4291611c0100e61dd48edd18cae79,2017-09,Metropolitan Police Service,Metropolitan Police Service,-0.186154,51.367655,On or near Thicket Road,E01004138,Sutton 013C,Bicycle theft,Status update unavailable,
a99b62a8c879cd6adacd6d9950d41352a69e0b1b2464d7af0fc97f711c6d0c6b,2017-09,Metropolitan Police Service,Metropolitan Police Service,-0.217267,51.357017,On or near Parking Area,E01004110,Sutton 016A,Bicycle theft,Status update unavailable,
6d5a36f088f860677d117a7d851ecd83c6be3afb5e218f9f8dfaf14922457b81,2017-09,Metropolitan Police Service,Metropolitan Police Service,-0.213114,51.354499,On or near Champneys Close,E01004110,Sutton 016A,Bicycle theft,Status update unavailable,
3ab1d3fd12bbca91a2062bef70cce55bd43039fa6789168cec2bb49ebbcc2d1f,2017-09,Metropolitan Police Service,Metropolitan Police Service,-0.191402,51.359507,On or near High Street,E01004156,Sutton 018C,Bicycle theft,Status update unavailable,
b46b1c6037258c1456e8f5d646726549adb29ed02822923ea547fc2ee636a71d,2017-10,Metropolitan Police Service,Metropolitan Police Service,-0.155453,51.381608,On or near Poppy Close,E01004188,Sutton 004E,Bicycle theft,Status update unavailable,
b8da640c8b07c0071a6b9187d1eed2fb1bef254ed58941f2ec585c67b51af609,2017-10,Metropolitan Police Service,Metropolitan Police Service,-0.155453,51.381608,On or near Poppy Close,E01004188,Sutton 004E,Bicycle theft,Status update unavailable,
76e9fb2a11b4feb8408413a695c88a8bee6d714a5029b68acb2d197c34dad5d0,2017-10,Metropolitan Police Service,Metropolitan Police Service,-0.241733,51.378619,On or near Central Road,E01004195,Sutton 006E,Bicycle theft,Status update unavailable,
0aba66738dbdb50031641ae2f0080e8c15a20651df7e4e859fd20d7308694e5d,2017-10,Metropolitan Police Service,Metropolitan Police Service,-0.241733,51.378619,On or near Central Road,E01004195,Sutton 006E,Bicycle theft,Status update unavailable,
0aba66738dbdb50031641ae2f0080e8c15a20651df7e4e859fd20d7308694e5d,2017-10,Metropolitan Police Service,Metropolitan Police Service,-0.241733,51.378619,On or near Central Road,E01004195,Sutton 006E,Bicycle theft,Status update unavailable,
43e43c7b08daa5cc92d0c3910d567644983e73f31ca29f46feb86db9da63d6cc,2017-10,Metropolitan Police Service,Metropolitan Police Service,-0.195132,51.377181,On or near Sports/Recreation Area,E01004145,Sutton 007B,Bicycle theft,Status update unavailable,
99951c2a80f75f984013b5718fd435ce1b0fdb8af94649eedc21d0533947afda,2017-10,Metropolitan Police Service,Metropolitan Police Service,-0.186423,51.373945,On or near Chudleigh Gardens,E01004147,Sutton 007D,Bicycle theft,Status update unavailable,
077a42c9b995730646765afe9d034ba25526e3a254a1a5fe7a5b60f09ab9d7c7,2017-10,Metropolitan Police Service,Metropolitan Police Service,-0.156299,51.367692,On or near Westcroft Road,E01004176,Sutton 010E,Bicycle theft,Investigation complete; no suspect identified,
7302736734d84c29b66544ab508fd1ef07053dc1180e3bef0081cb3b18a84094,2017-10,Metropolitan Police Service,Metropolitan Police Service,-0.167403,51.357651,On or near Gordon Road,E01004104,Sutton 020A,Bicycle theft,Status update unavailable,
e00c3c903725f27d53e1ed59ac831b4e6cd3e8bacf1b9f405855cdbc07c738d5,2017-10,Metropolitan Police Service,Metropolitan Police Service,-0.193606,51.351682,On or near Westmoreland Drive,E01004153,Sutton 021E,Bicycle theft,Status update unavailable,
7b11d4d6fd307f910b7bda3001012c1b407600e0c35ee4fe87f1ebe9d27accd9,2017-11,Metropolitan Police Service,Metropolitan Police Service,-0.156165,51.382492,On or near Helios Road,E01004186,Sutton 004D,Bicycle theft,Status update unavailable,
8417b82479d0d263a8905a78ac949bfeb893b6b50a181e93016b4bd3256aef5c,2017-11,Metropolitan Police Service,Metropolitan Police Service,-0.158533,51.378276,On or near The Green,E01004188,Sutton 004E,Bicycle theft,Status update unavailable,
5278fcc23837eb8c92173d01159c53a7ad273dc305bc7ea2244c5d59a3fd13aa,2017-11,Metropolitan Police Service,Metropolitan Police Service,-0.238587,51.386089,On or near Caverleigh Way,E01004192,Sutton 006C,Bicycle theft,Status update unavailable,
2917213be76715952b0834c86edd724e5c60fc7552009a151243720f25f6bde4,2017-11,Metropolitan Police Service,Metropolitan Police Service,-0.243191,51.379567,On or near Police Station,E01004195,Sutton 006E,Bicycle theft,Status update unavailable,
28367114ac899b18064a560a9defe431f4bb4ebd011fa52ad1337a4a30b4041e,2017-11,Metropolitan Police Service,Metropolitan Police Service,-0.241733,51.378619,On or near Central Road,E01004195,Sutton 006E,Bicycle theft,Investigation complete; no suspect identified,
4bcfbe45bfdfd17b78fecb8d4d6527cd247afaf38a2af52421f9a8863153e007,2017-11,Metropolitan Police Service,Metropolitan Police Service,-0.241733,51.378619,On or near Central Road,E01004195,Sutton 006E,Bicycle theft,Investigation complete; no suspect identified,
9fe78f5128e10af776cec95139ce11fba3401826cf0662571c07946e23f320f3,2017-11,Metropolitan Police Service,Metropolitan Police Service,-0.226226,51.379041,On or near Andrews Close,E01004196,Sutton 008F,Bicycle theft,Investigation complete; no suspect identified,
67f93ba19e6048c4592c4045891bd5ca483bd17ded93036b94cfc80481cddcbc,2017-11,Metropolitan Police Service,Metropolitan Police Service,-0.152609,51.366582,On or near Danbury Mews,E01004172,Sutton 010B,Bicycle theft,Status update unavailable,
7e33214213e35211f1b63b299d1206f5a16d97d1fa60fb329ea6a2b145f8bda5,2017-11,Metropolitan Police Service,Metropolitan Police Service,-0.213641,51.354975,On or near Upper Mulgrave Road,E01004110,Sutton 016A,Bicycle theft,Status update unavailable,
b817c3b8112aaf36d33e927fe88dcd062d9e7109487ed5062055a6a9fcea2c66,2017-11,Metropolitan Police Service,Metropolitan Police Service,-0.217756,51.361080,On or near Supermarket,E01004111,Sutton 016B,Bicycle theft,Status update unavailable,
24eac2de4cba1d4b052791e99d8abf84b73e219cb2523b4661e2ce82d79daeed,2017-12,Metropolitan Police Service,Metropolitan Police Service,-0.166745,51.372334,On or near Petrol Station,E01004164,Sutton 004A,Bicycle theft,Status update unavailable,
aed3a65f42e50b9196b1e6e22ac8b35c252bb0feb5eba1ee3a9feb0822485acb,2017-12,Metropolitan Police Service,Metropolitan Police Service,-0.166745,51.372334,On or near Petrol Station,E01004164,Sutton 004A,Bicycle theft,Investigation complete; no suspect identified,
829bf4f4d5416cf584eda43b1af67edf86dc9b15d59eed08abfdf81af7b6595e,2017-12,Metropolitan Police Service,Metropolitan Police Service,-0.162216,51.381751,On or near Mullards Close,E01004186,Sutton 004D,Bicycle theft,Status update unavailable,
007ab7d3aff16e3eb0767a3d7273425a64ddde1a7ad09669243be9125275b77e,2017-12,Metropolitan Police Service,Metropolitan Police Service,-0.235142,51.384473,On or near Sherbrooke Way,E01004193,Sutton 006D,Bicycle theft,Status update unavailable,
70d6deca820144a505bcf8e154e911e46326670248eaf51f8bf0c30fb9fb0b71,2017-12,Metropolitan Police Service,Metropolitan Police Service,-0.191729,51.379296,On or near Hove Gardens,E01004144,Sutton 007A,Bicycle theft,Investigation complete; no suspect identified,
6f0a3ab43e7a279fd2e488219b8f9c2e6a7b7181d756a2ac090705faefc0e10b,2017-12,Metropolitan Police Service,Metropolitan Police Service,-0.138050,51.362143,On or near Tharp Road,E01004081,Sutton 011F,Bicycle theft,Status update unavailable,
b629fa202e949a9a27bd38d8cfee56cc05b23ae968211603c74ae6f60e28bb0c,2017-12,Metropolitan Police Service,Metropolitan Police Service,-0.199467,51.368876,On or near Bushey Road,E01004142,Sutton 012D,Bicycle theft,Status update unavailable,
2fb183c3af7c187e3e247d7dcf2e113c4b07622cf88102c105830e85425cf6f6,2017-12,Metropolitan Police Service,Metropolitan Police Service,-0.215230,51.359189,On or near Park Road,E01004110,Sutton 016A,Bicycle theft,Investigation complete; no suspect identified,
4e8b19ed50f0053f2ffd2e22278e7a8ed5d6e23a4fa9534ac558637c370e6dc0,2017-12,Metropolitan Police Service,Metropolitan Police Service,-0.134763,51.353592,On or near Alcock Close,E01004089,Sutton 019D,Bicycle theft,Investigation complete; no suspect identified,
9766411aaefc2339af3f9d053bff92e4531fa6234ebf64d658223ea39010bdc4,2018-01,Metropolitan Police Service,Metropolitan Police Service,-0.166745,51.372334,On or near Petrol Station,E01004164,Sutton 004A,Bicycle theft,Investigation complete; no suspect identified,
91f237b8d48e94790283dab670d3e81131d3ef3de351fd91dc8e797f05070287,2018-01,Metropolitan Police Service,Metropolitan Police Service,-0.182111,51.375793,On or near Duke Of Edinburgh Road,E01004167,Sutton 005D,Bicycle theft,Status update unavailable,
2294c447e71e1d6b0c64ec2e75cfb1c314279893adf548deab1ad43c7451a489,2018-01,Metropolitan Police Service,Metropolitan Police Service,-0.175034,51.374892,On or near Simms Close,E01004167,Sutton 005D,Bicycle theft,Status update unavailable,
a18e987236bf22bb97a93841956bc9d19e6e422d758347681df42b599c2f3018,2018-01,Metropolitan Police Service,Metropolitan Police Service,-0.182111,51.375793,On or near Duke Of Edinburgh Road,E01004167,Sutton 005D,Bicycle theft,Status update unavailable,
f88352fd030bc89859bf9cf0c963b79d791b3464c151c121148ec06a363b8dcb,2018-01,Metropolitan Police Service,Metropolitan Police Service,-0.195671,51.368224,On or near Crown Road,E01004142,Sutton 012D,Bicycle theft,Status update unavailable,
38ea6545ed9b56effe5b0d05614c3f392b24ec26f56ee442f4d44e11b3aad913,2018-01,Metropolitan Police Service,Metropolitan Police Service,-0.207067,51.363354,On or near Parking Area,E01004161,Sutton 014E,Bicycle theft,Status update unavailable,
2b571ccd2b6bb17468b7050ca6c4b49ff8eabafaff4d7357663732f1bdc4752e,2018-01,Metropolitan Police Service,Metropolitan Police Service,-0.164343,51.367000,On or near North Street,E01004099,Sutton 015C,Bicycle theft,Status update unavailable,
c153960a8aef8658db254112ea39ff3b362d3b5ddc109bcf872c72fdea710f54,2018-01,Metropolitan Police Service,Metropolitan Police Service,-0.182830,51.357270,On or near Ferndown Close,E01004151,Sutton 021D,Bicycle theft,Status update unavailable,
bfe0d770188b40f4a6071796b9d8e08226908f5400a39b7d57133da8bcad3e60,2018-02,Metropolitan Police Service,Metropolitan Police Service,-0.174123,51.382980,On or near St Paul'S Close,E01004125,Sutton 001A,Bicycle theft,Status update unavailable,
8c6a6c7f168f9ac36ffbfb55da2d0067b2b3b70e838efa4bc67967229800c7af,2018-02,Metropolitan Police Service,Metropolitan Police Service,-0.194290,51.366081,On or near High Street,E01004142,Sutton 012D,Bicycle theft,Status update unavailable,
fe6d9e4dd2565928ee2f6fe5f25552aa9b813a7ded64db076e2b043a58d3b4be,2018-02,Metropolitan Police Service,Metropolitan Police Service,-0.192495,51.363868,On or near Shopping Area,E01004142,Sutton 012D,Bicycle theft,Status update unavailable,
b2d3530c3f0231a45b786f4ddf515db2b6480b67c4a734ba9aa504b2e05b32d2,2018-02,Metropolitan Police Service,Metropolitan Police Service,-0.184468,51.365605,On or near Lower Road,E01004138,Sutton 013C,Bicycle theft,Status update unavailable,
13d3c3b9e6a679c44944b1454c46f86dc9c9fe7f1714aace35ce4bd26f05be5b,2018-02,Metropolitan Police Service,Metropolitan Police Service,-0.189919,51.354880,On or near Walnut Mews,E01004152,Sutton 018A,Bicycle theft,Status update unavailable,
874ba4c21d0d16b7aa51f9bcdf1ec9377c1793ff46a74725f6332ed72948f79c,2018-02,Metropolitan Police Service,Metropolitan Police Service,-0.193983,51.352317,On or near Westmoreland Drive,E01004153,Sutton 021E,Bicycle theft,Status update unavailable,
98284f2fef5883d3a23f4eb2c0661ef1e5c1e0c0eff2c67829a6d4c6ec3e80bc,2018-02,Metropolitan Police Service,Metropolitan Police Service,-0.188672,51.346786,On or near Chiltern Road,E01004092,Sutton 022B,Bicycle theft,Status update unavailable,
255a836677a4b7a6e2b64c1f3f8d61cd8e6fd79c6c05a6b18655df0046432ba9,2018-03,Metropolitan Police Service,Metropolitan Police Service,-0.174909,51.384170,On or near Assembly Walk,E01004183,Sutton 001B,Bicycle theft,Investigation complete; no suspect identified,
52f8fcf3c8b445abd848c9e139763bd735dfb44a44ffb2d0fca02613ec9acfed,2018-03,Metropolitan Police Service,Metropolitan Police Service,-0.154180,51.378234,On or near Parking Area,E01004188,Sutton 004E,Bicycle theft,Status update unavailable,
85bf62c4de7f722c86970d33171df0ab9daa04f4501e55b1e0a231a35271822a,2018-03,Metropolitan Police Service,Metropolitan Police Service,-0.183545,51.374763,On or near Edinburgh Road,E01004147,Sutton 007D,Bicycle theft,Status update unavailable,
46c180679853f937e693b7ed08f43eac29d4207248504f9f551d3cb49531cc5f,2018-03,Metropolitan Police Service,Metropolitan Police Service,-0.185652,51.362539,On or near Carshalton Road,E01004139,Sutton 013D,Bicycle theft,Status update unavailable,
e68d48ff07b4d2fa768c20a6c3f5252822a67186d8c07a1752b386af568de6c8,2018-03,Metropolitan Police Service,Metropolitan Police Service,-0.165103,51.365240,On or near Hospital,E01004099,Sutton 015C,Bicycle theft,Status update unavailable,
a7c245e4431143c41b4ab5ffad8bb9658bdfc4d526a092aff4d73f2afed09aa4,2018-03,Metropolitan Police Service,Metropolitan Police Service,-0.156333,51.360786,On or near Woodstock Road,E01004170,Sutton 017B,Bicycle theft,Status update unavailable,
b155a917e59f73ae0fea6d7f76e7cf6f9df423ac0dd73d0031673978c427c471,2018-04,Metropolitan Police Service,Metropolitan Police Service,-0.207580,51.383326,On or near Selwood Road,E01004135,Sutton 003D,Bicycle theft,Status update unavailable,
b8659b79c772faff074c20d5249457c9589cfebf002e39380dfef55c381d5466,2018-04,Metropolitan Police Service,Metropolitan Police Service,-0.159152,51.373222,On or near River Gardens,E01004166,Sutton 004B,Bicycle theft,Status update unavailable,
3a80f6dc23af7a185320a85f848acf0161e67d0323337d231b3ef8070f22bdd0,2018-04,Metropolitan Police Service,Metropolitan Police Service,-0.158533,51.378276,On or near The Green,E01004188,Sutton 004E,Bicycle theft,Status update unavailable,
889783553ed8692a849d72c8e5a21e3a5100341c07aea867fa8efbb8dd657416,2018-04,Metropolitan Police Service,Metropolitan Police Service,-0.242686,51.380755,On or near Beverley Gardens,E01004195,Sutton 006E,Bicycle theft,Status update unavailable,
2d3957289ba922349f51eb2d812c2dbdef7fe8be19deb0f39a0146bd879dc6ed,2018-04,Metropolitan Police Service,Metropolitan Police Service,-0.214564,51.364485,On or near Pedestrian Subway,E01004115,Sutton 009A,Bicycle theft,Status update unavailable,
b78c107156803404aebd8c2fd2c53c2a65f2cdb313ec13dc5e00a8adc180c784,2018-04,Metropolitan Police Service,Metropolitan Police Service,-0.213387,51.368900,On or near Chelsea Gardens,E01004115,Sutton 009A,Bicycle theft,Status update unavailable,
83aa70c4c01b46da59b96f5f2c0d2754dfbd523941ab9cb8c5310164115691b4,2018-04,Metropolitan Police Service,Metropolitan Police Service,-0.134102,51.381873,On or near Bus/Coach Station,E01004076,Sutton 011A,Bicycle theft,Status update unavailable,
4257a1b9b318b5fc524b6a4aa584104ce40a85afe3067ea43b651ee0231d4bd6,2018-04,Metropolitan Police Service,Metropolitan Police Service,-0.197282,51.364868,On or near Clarence Road,E01004142,Sutton 012D,Bicycle theft,Status update unavailable,
17f2f99097d31d35eef1473d9c548f77e1f362208514a9703a21520f634a1c34,2018-04,Metropolitan Police Service,Metropolitan Police Service,-0.195671,51.368224,On or near Crown Road,E01004142,Sutton 012D,Bicycle theft,Investigation complete; no suspect identified,
0181762f84bb9f6dbf4f9738a68290e81d8e20a77a149c2ff1fa17be49c68c0c,2018-04,Metropolitan Police Service,Metropolitan Police Service,-0.181729,51.369097,On or near Parkhurst Road,E01004138,Sutton 013C,Bicycle theft,Status update unavailable,
29fd314c7a70928fe9ff9f8a78a9f2c5dc0cc0340ab9439ee8fb1534a450de2c,2018-04,Metropolitan Police Service,Metropolitan Police Service,-0.186400,51.357425,On or near Ambleside Gardens,E01004151,Sutton 021D,Bicycle theft,Status update unavailable,
4524ea82af48ea9e369cdb516264e7794392cf939164ce1daf2d8b48cdaaf4a5,2018-05,Metropolitan Police Service,Metropolitan Police Service,-0.190513,51.383180,On or near Rose Hill,E01004123,Sutton 002A,Bicycle theft,Status update unavailable,
6496100bc4a8b656a67e3d5c267af7530ad14962d62a915f3997ebdb499dd15d,2018-05,Metropolitan Police Service,Metropolitan Police Service,-0.165130,51.371401,On or near Further/Higher Educational Building,E01004164,Sutton 004A,Bicycle theft,Investigation complete; no suspect identified,
0af8b8a7c972b310c4fbf9db0f6c0b7ecac302adb7860581d8d14e11dc09750b,2018-05,Metropolitan Police Service,Metropolitan Police Service,-0.174906,51.378847,On or near Welhouse Road,E01004127,Sutton 005A,Bicycle theft,Investigation complete; no suspect identified,
b57ad25f1dc8dda79fba584424258101a2b85b777eca754b83ce19f3121528e1,2018-05,Metropolitan Police Service,Metropolitan Police Service,-0.191953,51.362295,On or near Shopping Area,E01004142,Sutton 012D,Bicycle theft,Investigation complete; no suspect identified,
6d23348582e1d8b44e9c1bbc0e176039bfe4bfd5ed5031fb26aa7c7ae9e43276,2018-05,Metropolitan Police Service,Metropolitan Police Service,-0.189741,51.372494,On or near Benwood Court,E01004149,Sutton 012E,Bicycle theft,Status update unavailable,
ca743124a864a8dfe72ad7db1d0af533ed786622c841fe59f64a17ff87f95ef9,2018-05,Metropolitan Police Service,Metropolitan Police Service,-0.201644,51.367192,On or near Sydney Road,E01004143,Sutton 014A,Bicycle theft,Investigation complete; no suspect identified,
6a9954b6788b14f54e38f4b5f69a3a2b65f2ae520790ab0bd08d18c5b1a00121,2018-05,Metropolitan Police Service,Metropolitan Police Service,-0.217267,51.357017,On or near Parking Area,E01004110,Sutton 016A,Bicycle theft,Status update unavailable,
8d5ca0bb2bb984d5e4a57f1032808ed99478d2f50818b2c2d508ba62491bd089,2018-05,Metropolitan Police Service,Metropolitan Police Service,-0.191402,51.359507,On or near High Street,E01004156,Sutton 018C,Bicycle theft,Status update unavailable,
e96c2dd94449e73c3c74d38ca8c1f3f3fd6951cbb4a9089c5418bd8d001fbd88,2018-06,Metropolitan Police Service,Metropolitan Police Service,-0.159093,51.375407,On or near Mill Close,E01004166,Sutton 004B,Bicycle theft,Offender given a caution,
9b57cf0a31d936f699f34a27b28e97a2fcabd3d80709a4215b31aaa9fb3008a9,2018-06,Metropolitan Police Service,Metropolitan Police Service,-0.236514,51.386184,On or near Lancaster Close,E01004192,Sutton 006C,Bicycle theft,Status update unavailable,
b79523557c5083ff9520036e43cbf718c8570ec5390f24450a20cf7f868089c6,2018-06,Metropolitan Police Service,Metropolitan Police Service,-0.237686,51.384835,On or near Portland Close,E01004192,Sutton 006C,Bicycle theft,Status update unavailable,
6b02c5a277dcb2c14b9be05c72d9a4f688d3aabb375a4386eb1264850ce29e2f,2018-06,Metropolitan Police Service,Metropolitan Police Service,-0.135353,51.362037,On or near Sandy Lane North,E01004081,Sutton 011F,Bicycle theft,Status update unavailable,
6bc458b7fe6b83ffe552500d677de88e8def5d3cf016a7a95ad2fcdf51ae1ee4,2018-06,Metropolitan Police Service,Metropolitan Police Service,-0.193414,51.365689,On or near Manor Place,E01004137,Sutton 012A,Bicycle theft,Status update unavailable,
6bc458b7fe6b83ffe552500d677de88e8def5d3cf016a7a95ad2fcdf51ae1ee4,2018-06,Metropolitan Police Service,Metropolitan Police Service,-0.193414,51.365689,On or near Manor Place,E01004137,Sutton 012A,Bicycle theft,Status update unavailable,
6bc458b7fe6b83ffe552500d677de88e8def5d3cf016a7a95ad2fcdf51ae1ee4,2018-06,Metropolitan Police Service,Metropolitan Police Service,-0.193414,51.365689,On or near Manor Place,E01004137,Sutton 012A,Bicycle theft,Investigation complete; no suspect identified,
d6d9b04db43bd7834accc54affe80a05049d8f436dd1c4b186649bee9ab21d8d,2018-06,Metropolitan Police Service,Metropolitan Police Service,-0.194439,51.368133,On or near Shopping Area,E01004140,Sutton 012B,Bicycle theft,Status update unavailable,
dd8698538482b4fc85a04f644a4acc4b71297475f23f46f81c2c1d28d4a642a2,2018-06,Metropolitan Police Service,Metropolitan Police Service,-0.194280,51.361953,On or near Pedestrian Subway,E01004142,Sutton 012D,Bicycle theft,Status update unavailable,
4d66d88a00b947e5f3c7bcf7eb77e2536d854d627a021386a8bc90c216a69863,2018-06,Metropolitan Police Service,Metropolitan Police Service,-0.216658,51.349769,On or near Devon Road,E01004112,Sutton 016C,Bicycle theft,Status update unavailable,
57d1e99278c2cc3e70292aab219aad2e463ac968ad11a21914e6f3d1642c1f31,2018-06,Metropolitan Police Service,Metropolitan Police Service,-0.192448,51.354488,On or near Blackbush Close,E01004152,Sutton 018A,Bicycle theft,Status update unavailable,
e293618c8cdb2d5c9376553a57cb38140c6b81afbbe28b951206317b21026ceb,2018-06,Metropolitan Police Service,Metropolitan Police Service,-0.182662,51.355694,On or near Albion Road,E01004151,Sutton 021D,Bicycle theft,Status update unavailable,
c40329d950fb374dbf3d6fdbbc78552a21ff2eddd3b6070c0fd974f2feedd4ab,2018-06,Metropolitan Police Service,Metropolitan Police Service,-0.190391,51.343611,On or near Hospital,E01004091,Sutton 022A,Bicycle theft,Court result unavailable,
2aa477bf1edc26b8442da418cc18512be7074045738bfdddcc4d1c9647b6cc1d,2018-07,Metropolitan Police Service,Metropolitan Police Service,-0.174922,51.389998,On or near Pipewell Road,E01004189,Sutton 001E,Bicycle theft,Status update unavailable,
7d59a923a6b8e591938e3f7fbfd9d86a2f547ef1d7844d8e866aa8f8f0dc8ec8,2018-07,Metropolitan Police Service,Metropolitan Police Service,-0.182957,51.380554,On or near Wrythe Lane,E01004128,Sutton 002D,Bicycle theft,Status update unavailable,
7ae9871cb83b818d81af4aa34916f5b09abbb15bed4c981a156f605d1762d5b0,2018-07,Metropolitan Police Service,Metropolitan Police Service,-0.238706,51.380354,On or near Washington Road,E01004195,Sutton 006E,Bicycle theft,Status update unavailable,
a23ca59e7390a894de3042418e36b36fddc0cc3efb381771934dd24f9b833571,2018-07,Metropolitan Police Service,Metropolitan Police Service,-0.194796,51.370747,On or near High Street,E01004146,Sutton 007C,Bicycle theft,Status update unavailable,
27f5c86b1b016746a560ea13e6aa49e13b67c2f00c35afa24c94d0bc345586c0,2018-07,Metropolitan Police Service,Metropolitan Police Service,-0.222394,51.375962,On or near London Road,E01004119,Sutton 009C,Bicycle theft,Investigation complete; no suspect identified,
95ddd059995d41bdee7318e0ad93aba143023dd0863750dbdd7b40e181b1b665,2018-07,Metropolitan Police Service,Metropolitan Police Service,-0.224801,51.371691,On or near Supermarket,E01004119,Sutton 009C,Bicycle theft,Status update unavailable,
84b4e870ce0b2355105cf5084a7d09089bc2e0059c970be6f7a36a6c5bd96416,2018-07,Metropolitan Police Service,Metropolitan Police Service,-0.193381,51.370545,On or near Lewis Road,E01004149,Sutton 012E,Bicycle theft,Status update unavailable,
4b17b88308d55be1c10b11817d5e305c628a9c758de05111adffc44ddd78dbe0,2018-07,Metropolitan Police Service,Metropolitan Police Service,-0.150729,51.360833,On or near Railway Approach,E01004170,Sutton 017B,Bicycle theft,Status update unavailable,
eacbd2f6b2934f3cb0edc0013cb5fa9c8c69f4c6dd1e4aea0cfb43bd0e430a30,2018-07,Metropolitan Police Service,Metropolitan Police Service,-0.148064,51.357454,On or near Supermarket,E01004178,Sutton 017D,Bicycle theft,Status update unavailable,
eacbd2f6b2934f3cb0edc0013cb5fa9c8c69f4c6dd1e4aea0cfb43bd0e430a30,2018-07,Metropolitan Police Service,Metropolitan Police Service,-0.148064,51.357454,On or near Supermarket,E01004178,Sutton 017D,Bicycle theft,Status update unavailable,
900bb0f5938f7fc25e77bc519043f3f2eb9f22104ccc6f6e781705e1336fbc0d,2018-07,Metropolitan Police Service,Metropolitan Police Service,-0.134066,51.353428,On or near Supermarket,E01004089,Sutton 019D,Bicycle theft,Investigation complete; no suspect identified,
1cc827acf78075f10b36c46249d3556956f9e540b56b34e48f7797d549ba33b1,2018-07,Metropolitan Police Service,Metropolitan Police Service,-0.197004,51.350745,On or near Chipstead Close,E01004096,Sutton 021B,Bicycle theft,Status update unavailable,
0de102e8706e18764d761766ae6ab28842f59dc7d4210139018ae61afee7a66f,2018-07,Metropolitan Police Service,Metropolitan Police Service,-0.167031,51.351512,On or near Courtney Crescent,E01004105,Sutton 022C,Bicycle theft,Investigation complete; no suspect identified,
2c28b57ea69d8dfb878a1e51e750daf5c698e7bdae1593b1c5fc6e05409744ad,2018-08,Metropolitan Police Service,Metropolitan Police Service,-0.189429,51.384054,On or near Supermarket,E01004123,Sutton 002A,Bicycle theft,Status update unavailable,
988cc0c6bde8c631d432a5c44c0e5346ef07b51cf773170a1923ec1845b61d5c,2018-08,Metropolitan Police Service,Metropolitan Police Service,-0.230762,51.381412,On or near Merrilands Road,E01004193,Sutton 006D,Bicycle theft,Status update unavailable,
b348157795d7506de01392b15d5762ccee1adb3b7f7e8a9e2fac4837214b02bc,2018-08,Metropolitan Police Service,Metropolitan Police Service,-0.183545,51.374763,On or near Edinburgh Road,E01004147,Sutton 007D,Bicycle theft,Status update unavailable,
0804092a8f8833ade74a4f85e7545c2f5f2e9f75395047704f7a0844f5174785,2018-08,Metropolitan Police Service,Metropolitan Police Service,-0.224801,51.371691,On or near Supermarket,E01004119,Sutton 009C,Bicycle theft,Investigation complete; no suspect identified,
4e7cbb1d6b673936a13b2fdd900d5e6b59530fb743960493c260810fe2a4a4da,2018-08,Metropolitan Police Service,Metropolitan Police Service,-0.131331,51.369796,On or near Wandle Court Gardens,E01004077,Sutton 011B,Bicycle theft,Status update unavailable,
bf574fa7ca92c72f1b714dcabf1d68c869610549343944de697950fa10697777,2018-08,Metropolitan Police Service,Metropolitan Police Service,-0.194902,51.367673,On or near High Street,E01004140,Sutton 012B,Bicycle theft,Awaiting court outcome,
2e457d3726d1466e354b3fcb97fb7ccfe50bdea19a675483ac6ef89bc953cbd0,2018-08,Metropolitan Police Service,Metropolitan Police Service,-0.195671,51.368224,On or near Crown Road,E01004142,Sutton 012D,Bicycle theft,Investigation complete; no suspect identified,
a45ee240a1659372ae99729e2b13ba4ca8c718bf257cbc23250acea11a01f8fe,2018-08,Metropolitan Police Service,Metropolitan Police Service,-0.192495,51.363868,On or near Shopping Area,E01004142,Sutton 012D,Bicycle theft,Investigation complete; no suspect identified,
fb70801f8d1efccfd18e74687d62ee73f79b6049511851b1455ae023c7713d75,2018-08,Metropolitan Police Service,Metropolitan Police Service,-0.148064,51.357454,On or near Supermarket,E01004178,Sutton 017D,Bicycle theft,Investigation complete; no suspect identified,
40f9d4497b9991b8b001805b8f012544307e485b697e4db0dd80087f921d298a,2018-08,Metropolitan Police Service,Metropolitan Police Service,-0.128926,51.356907,On or near Hospital,E01004086,Sutton 019B,Bicycle theft,Status update unavailable,
6d14ed9112c470eb9e43e4be9890998acf71533fc426f0a726e09ec0aad0a9ac,2018-08,Metropolitan Police Service,Metropolitan Police Service,-0.151305,51.357946,On or near Shotfield,E01004177,Sutton 020C,Bicycle theft,Investigation complete; no suspect identified,
8b56548b924ca229a3a05dd3ac43abca3c789c889e548f3150ac1bc8f3990bd0,2018-08,Metropolitan Police Service,Metropolitan Police Service,-0.126671,51.346701,On or near Church Hill,E01004085,Sutton 024B,Bicycle theft,Status update unavailable,
67d011d3f44613066bbc7b2e0fad30191b1015b7e16089825a2279d27f259365,2018-08,Metropolitan Police Service,Metropolitan Police Service,-0.126671,51.346701,On or near Church Hill,E01004085,Sutton 024B,Bicycle theft,Investigation complete; no suspect identified,
54152de1a368515f6f9bfb09356c6a17bd7cb1b0582706c5011e922c7861c581,2018-09,Metropolitan Police Service,Metropolitan Police Service,-0.201245,51.379946,On or near Anderson Close,E01004130,Sutton 003A,Bicycle theft,Investigation complete; no suspect identified,
e7bcd9ca4d2c6cecf2516644ade2dd808fde7e0b4b158ec712cba9003555ac21,2018-09,Metropolitan Police Service,Metropolitan Police Service,-0.229664,51.370388,On or near Willowhayne Gardens,E01004116,Sutton 008A,Bicycle theft,Status update unavailable,
4ae9c2cc088b6b7e33c06e23a38f325cfc074ad4472d231910642f00d549a3a6,2018-09,Metropolitan Police Service,Metropolitan Police Service,-0.140495,51.389708,On or near Brookmead Road,E01004076,Sutton 011A,Bicycle theft,Investigation complete; no suspect identified,
36e4bd504954b92b76f5de895b7d216881ccc32ee72cc077bdbe0a8a5f417fdf,2018-09,Metropolitan Police Service,Metropolitan Police Service,-0.194902,51.367673,On or near High Street,E01004140,Sutton 012B,Bicycle theft,Status update unavailable,
8f9a0d879565254edfda4d6c53f9a25384ffee5cd9ea78a1c9e9b50819b1ee6e,2018-09,Metropolitan Police Service,Metropolitan Police Service,-0.191953,51.362295,On or near Shopping Area,E01004142,Sutton 012D,Bicycle theft,Status update unavailable,
c28099f318a4663722de34778109aa1172ee8b4124ea5a9e83702fe9b438fd62,2018-09,Metropolitan Police Service,Metropolitan Police Service,-0.193634,51.361934,On or near Hill Road,E01004142,Sutton 012D,Bicycle theft,Status update unavailable,
243047f62df67f251440ad11b6c4856ee2b82c3a6f8f94d03a88e4e7ab7e9b35,2018-09,Metropolitan Police Service,Metropolitan Police Service,-0.191953,51.362295,On or near Shopping Area,E01004142,Sutton 012D,Bicycle theft,Status update unavailable,
10c230a7cf9e906a5f0df54f330cccdcf1d641138ffb7a9785c65abc6c6da181,2018-09,Metropolitan Police Service,Metropolitan Police Service,-0.214124,51.355108,On or near Station Approach,E01004110,Sutton 016A,Bicycle theft,Status update unavailable,
077800ca725f6bf232e233ba30dad1393b70b11be372d9015d9af45fff663cf7,2018-09,Metropolitan Police Service,Metropolitan Police Service,-0.200613,51.353912,On or near Overton Road,E01004155,Sutton 018B,Bicycle theft,Investigation complete; no suspect identified,
2ed61fb1dd2538f1ae3f1d61dcdd023e9d4d0865db35b2a595cf0335c1175d2f,2018-09,Metropolitan Police Service,Metropolitan Police Service,-0.134066,51.353428,On or near Supermarket,E01004089,Sutton 019D,Bicycle theft,Investigation complete; no suspect identified,
72c482e9f2f81220b66771f9fa33def312985a19a4da69636753fc3d431347ed,2018-09,Metropolitan Police Service,Metropolitan Police Service,-0.190673,51.359055,On or near The Quadrant,E01004150,Sutton 021C,Bicycle theft,Status update unavailable,
21c5afb5dbddda1e98a997ce3a66a0c1ae9b71ed2c4e549470726978150c2c69,2018-09,Metropolitan Police Service,Metropolitan Police Service,-0.126671,51.346701,On or near Church Hill,E01004085,Sutton 024B,Bicycle theft,Investigation complete; no suspect identified,
fdfb71528f4e48805e97c434b4c8a207f6aa713dc476a985921af7ebe67c7120,2018-10,Metropolitan Police Service,Metropolitan Police Service,-0.182957,51.380554,On or near Wrythe Lane,E01004128,Sutton 002D,Bicycle theft,Status update unavailable,
d5061a89251644e2dd0a5ce9a6221682a7ae777fe842bd227ead4546b48a07ff,2018-10,Metropolitan Police Service,Metropolitan Police Service,-0.218992,51.379219,On or near London Road,E01004131,Sutton 003B,Bicycle theft,Investigation complete; no suspect identified,
cd874dcc97fdd47ea28719eda75ee308f76a056893eec4491563d096ab71ec69,2018-10,Metropolitan Police Service,Metropolitan Police Service,-0.174103,51.376271,On or near Muschamp Road,E01004127,Sutton 005A,Bicycle theft,Status update unavailable,
dc07b869086dfe967aaea9c0352adcbeb0a3ac762cdb65faf7a6ebd3aa40b148,2018-10,Metropolitan Police Service,Metropolitan Police Service,-0.168504,51.376507,On or near Almond Avenue,E01004163,Sutton 005B,Bicycle theft,Status update unavailable,
f8d640836c104738bd989e3f8a3589efc7f1198b7e0cea7c5be846823e136b7c,2018-10,Metropolitan Police Service,Metropolitan Police Service,-0.150005,51.366307,On or near Harcourt Avenue,E01004172,Sutton 010B,Bicycle theft,Status update unavailable,
defa5af527337cf2cea42e92c96d088fd52bb5cf1c9330818a61dc339ae692f9,2018-10,Metropolitan Police Service,Metropolitan Police Service,-0.139021,51.373255,On or near Parking Area,E01004076,Sutton 011A,Bicycle theft,Status update unavailable,
8c75b790f80b507ee70fd94aae187e84ce10ef37519cd3f68f85c190be72ff7e,2018-10,Metropolitan Police Service,Metropolitan Police Service,-0.191953,51.362295,On or near Shopping Area,E01004142,Sutton 012D,Bicycle theft,Status update unavailable,
9fceac2e4979f722d42de66238475aaca02b8087239d65b4bbcb8bb651422d77,2018-10,Metropolitan Police Service,Metropolitan Police Service,-0.191236,51.361186,On or near Police Station,E01004142,Sutton 012D,Bicycle theft,Investigation complete; no suspect identified,
7f6c8c6b8f47a6317f084d14a27ada31c29f911c3ab6f09050517d3a89626c18,2018-10,Metropolitan Police Service,Metropolitan Police Service,-0.216658,51.349769,On or near Devon Road,E01004112,Sutton 016C,Bicycle theft,Status update unavailable,
5a60691dd671fb1099f088c7700f909e3783d4d9ba065b8ca215257be5700e7b,2018-10,Metropolitan Police Service,Metropolitan Police Service,-0.191794,51.355772,On or near Brighton Road,E01004152,Sutton 018A,Bicycle theft,Status update unavailable,
089fbda5b4f8a804d0f885dda23deb67cdf6f80fd19e587ad2356e9f406f08d1,2018-10,Metropolitan Police Service,Metropolitan Police Service,-0.191552,51.357522,On or near Petrol Station,E01004152,Sutton 018A,Bicycle theft,Status update unavailable,
7b4d86236c51bb621cff297c134352eb6767423910fdb867dee99b08c5f197c6,2018-10,Metropolitan Police Service,Metropolitan Police Service,-0.191402,51.359507,On or near High Street,E01004156,Sutton 018C,Bicycle theft,Status update unavailable,
1f52d621cc180d2ae04439be18ae949b317704b005fb8775b2c9c586fe0988e1,2018-10,Metropolitan Police Service,Metropolitan Police Service,-0.191402,51.359507,On or near High Street,E01004156,Sutton 018C,Bicycle theft,Offender given community sentence,
1f6488b4dabac27dee1566772a77eee61c5074cbd109c0adb03ad55b0d512ac5,2018-10,Metropolitan Police Service,Metropolitan Police Service,-0.191327,51.359245,On or near Brighton Road,E01004156,Sutton 018C,Bicycle theft,Status update unavailable,
e1cc5b63c4ce3ab327cbfd1b31fbba2957e46a731be4392b459ef3ef6bdb90a6,2018-10,Metropolitan Police Service,Metropolitan Police Service,-0.172061,51.356815,On or near Waverley Way,E01004105,Sutton 022C,Bicycle theft,Status update unavailable,
d13f87194ef42f3607ac08b4182931d87ff492b9131635ff486bb93bb431221e,2018-11,Metropolitan Police Service,Metropolitan Police Service,-0.165004,51.381749,On or near Buckhurst Avenue,E01004169,Sutton 004C,Bicycle theft,Status update unavailable,
12398c808d09833e032024bdf6b7472ba0262b8ff072c43cd54b8ea50e75f4e5,2018-11,Metropolitan Police Service,Metropolitan Police Service,-0.213387,51.368900,On or near Chelsea Gardens,E01004115,Sutton 009A,Bicycle theft,Status update unavailable,
b893bc11285fb08de034f3f132ab12a72fdc721c6a845063936229148aff08e9,2018-11,Metropolitan Police Service,Metropolitan Police Service,-0.194280,51.361953,On or near Pedestrian Subway,E01004142,Sutton 012D,Bicycle theft,Investigation complete; no suspect identified,
d9063299ba459aeb798d692e46bb35b0a54175a669bd33dff303eae6f15c8251,2018-11,Metropolitan Police Service,Metropolitan Police Service,-0.134413,51.360079,On or near Parking Area,E01004086,Sutton 019B,Bicycle theft,Status update unavailable,
185fa2e3c9a917fc79450eeb16960253ff73afcb772d103c2108870b9a9b0564,2018-11,Metropolitan Police Service,Metropolitan Police Service,-0.212275,51.346905,On or near Shirley Avenue,E01032623,Sutton 025E,Bicycle theft,Status update unavailable,
6321183c03d4851f08024fe1b6005522c54a0aa0521d219721382f6c49da8c88,2018-12,Metropolitan Police Service,Metropolitan Police Service,-0.173122,51.387182,On or near Stoneleigh Road,E01004183,Sutton 001B,Bicycle theft,Status update unavailable,
556eb2a229ee8989c378bcd84b8d793ac8c7f384bbe9e584333b4aec11faca94,2018-12,Metropolitan Police Service,Metropolitan Police Service,-0.165297,51.383768,On or near Batley Close,E01004185,Sutton 001D,Bicycle theft,Status update unavailable,
befdecf5ff19aaa112cc74eee5135794ed08a61c663b8dea0ef99160cf190df5,2018-12,Metropolitan Police Service,Metropolitan Police Service,-0.168504,51.376507,On or near Almond Avenue,E01004163,Sutton 005B,Bicycle theft,Status update unavailable,
683503c4fd8d7a3ced30919ab80e5536729c1abfc53ac5eab17997c880264e20,2018-12,Metropolitan Police Service,Metropolitan Police Service,-0.169640,51.374691,On or near Green Wrythe Lane,E01004165,Sutton 005C,Bicycle theft,Status update unavailable,
5f541b394d6f851d5a90ccc73534db5d16c1074ac25f780e39d36bb039235a16,2018-12,Metropolitan Police Service,Metropolitan Police Service,-0.192968,51.364990,On or near Lodge Place,E01004137,Sutton 012A,Bicycle theft,Investigation complete; no suspect identified,
9d408d4b032d4ad14da75f7f781dfdd9ca2ac405996ad5c0d65f3aab8044ea3e,2018-12,Metropolitan Police Service,Metropolitan Police Service,-0.192412,51.363057,On or near Shopping Area,E01004142,Sutton 012D,Bicycle theft,Status update unavailable,
cad1d7ba2784ded573b4a2d55ab9f6bc8b91bf76ff8b901009371d77e99c39de,2018-12,Metropolitan Police Service,Metropolitan Police Service,-0.191236,51.361186,On or near Police Station,E01004142,Sutton 012D,Bicycle theft,Status update unavailable,
43a09ad1621c286706ffebb711afc6578d704553896ece43db818f531ff5992c,2018-12,Metropolitan Police Service,Metropolitan Police Service,-0.191953,51.362295,On or near Shopping Area,E01004142,Sutton 012D,Bicycle theft,Status update unavailable,
2402cca8c855e9078b9e3c96580731f43650e39a9ab0bf9a1234fe94eb0173f4,2018-12,Metropolitan Police Service,Metropolitan Police Service,-0.194280,51.361953,On or near Pedestrian Subway,E01004142,Sutton 012D,Bicycle theft,Investigation complete; no suspect identified,
a0b30b906b51a54f1adc2cc8e9362435eaea819a7c8e2c8bbbab6ee9702a38fc,2018-12,Metropolitan Police Service,Metropolitan Police Service,-0.185207,51.364717,On or near Palmerston Road,E01004138,Sutton 013C,Bicycle theft,Status update unavailable,
e31ef98fdaa8a8eaec9e257f454a4dc069c6dcf5f4faf95151a4a12c08b32983,2018-12,Metropolitan Police Service,Metropolitan Police Service,-0.200955,51.368647,On or near Collingwood Road,E01004159,Sutton 014C,Bicycle theft,Status update unavailable,
6cdc6e8291348907d09e0a15df4b0d6153c59530617f4a93218426fab61c8a23,2018-12,Metropolitan Police Service,Metropolitan Police Service,-0.205281,51.366402,On or near Ashton Close,E01004159,Sutton 014C,Bicycle theft,Status update unavailable,
51b6b847cf1128267197e991634a9800ebd565ee012705e9b1373b3ed09e1f1d,2018-12,Metropolitan Police Service,Metropolitan Police Service,-0.150229,51.358622,On or near Supermarket,E01004178,Sutton 017D,Bicycle theft,Status update unavailable,
6692d10e45e1449b04ff8934887511486c7e16e3e79a8c1b087e1b5d82098490,2018-12,Metropolitan Police Service,Metropolitan Police Service,-0.146535,51.359031,On or near Elgin Road,E01004178,Sutton 017D,Bicycle theft,Status update unavailable,
ba992d1ef82f470e100c00fd3d26bd26dd3da36c10a01dfb6c82da83e86de159,2018-12,Metropolitan Police Service,Metropolitan Police Service,-0.194549,51.363504,On or near St Nicholas Way,E01004162,Sutton 018E,Bicycle theft,Status update unavailable,
539325e4ecb2a7d235b7aa42e1a7bc9af19a78fcee7eba9878dc53777ec22f72,2019-01,Metropolitan Police Service,Metropolitan Police Service,-0.178733,51.379805,On or near Whitland Road,E01004126,Sutton 002C,Bicycle theft,Status update unavailable,
e1e693c28d530bcbcbc50134f00aab640d47a7e2f90daea67127cb8227ae8b01,2019-01,Metropolitan Police Service,Metropolitan Police Service,-0.150005,51.366307,On or near Harcourt Avenue,E01004172,Sutton 010B,Bicycle theft,Status update unavailable,
d4fcfd13a8f44aa4e032815293f1feb3c0aa223e8c61dfbb517edcb708ec84e2,2019-01,Metropolitan Police Service,Metropolitan Police Service,-0.193905,51.366722,On or near Elm Grove,E01004140,Sutton 012B,Bicycle theft,Status update unavailable,
f2af3d6dba3175b7a0af29d7f8469af6873510f9f1e51c62126f25501f1112c5,2019-01,Metropolitan Police Service,Metropolitan Police Service,-0.194902,51.367673,On or near High Street,E01004140,Sutton 012B,Bicycle theft,Status update unavailable,
b54a52f646157b58732ff57a4783f74dac6cf7a1ca3afadd8bd8b749f3b5aed5,2019-01,Metropolitan Police Service,Metropolitan Police Service,-0.191236,51.361186,On or near Police Station,E01004142,Sutton 012D,Bicycle theft,Status update unavailable,
592f97846da46339475c2372bdad2f6f2ac9c04a36493935cf78ad307f99494c,2019-01,Metropolitan Police Service,Metropolitan Police Service,-0.194290,51.366081,On or near High Street,E01004142,Sutton 012D,Bicycle theft,Investigation complete; no suspect identified,
b02933bdf7243085e4e083a6a3c8498911d655f3195152a2a3fa109211ec0c2d,2019-01,Metropolitan Police Service,Metropolitan Police Service,-0.195671,51.368224,On or near Crown Road,E01004142,Sutton 012D,Bicycle theft,Investigation complete; no suspect identified,
1edaae83506f207ee04122fc8757d978a9f2f0ce9935528960dbfffe7f3b3541,2019-01,Metropolitan Police Service,Metropolitan Police Service,-0.215487,51.358114,On or near Supermarket,E01004110,Sutton 016A,Bicycle theft,Status update unavailable,
47c9015f4f60b634493f6a1df3b56551d9550bcf69897d5719f47003b9e72dea,2019-01,Metropolitan Police Service,Metropolitan Police Service,-0.191552,51.357522,On or near Petrol Station,E01004152,Sutton 018A,Bicycle theft,Status update unavailable,
f6e4799a095f69986adc61b2e822f2c118139d8bb32e62b4db922690485b96aa,2019-01,Metropolitan Police Service,Metropolitan Police Service,-0.191552,51.357522,On or near Petrol Station,E01004152,Sutton 018A,Bicycle theft,Status update unavailable,
15d92d17b7c951e78c67ac7de19d741d89a1632a0236fed43262ba14c88cc496,2019-01,Metropolitan Police Service,Metropolitan Police Service,-0.191402,51.359507,On or near High Street,E01004156,Sutton 018C,Bicycle theft,Status update unavailable,
7cf8e0871113d14ac69cdbcc5c3d7330dd3f3d22982508d80405a7d2517c840c,2019-01,Metropolitan Police Service,Metropolitan Police Service,-0.191402,51.359507,On or near High Street,E01004156,Sutton 018C,Bicycle theft,Status update unavailable,
393e65e224121bc7f4f2ca0ad17f68f143f3ca04b37caaa302660c19fc31bc5c,2019-01,Metropolitan Police Service,Metropolitan Police Service,-0.150205,51.352084,On or near Holly Close,E01004181,Sutton 020E,Bicycle theft,Status update unavailable,
aa4a76974e16061a343cf3e6859fef6d7d2d90156a684a957228c59d9511ace6,2019-02,Metropolitan Police Service,Metropolitan Police Service,-0.149121,51.364737,On or near Maldon Road,E01004172,Sutton 010B,Bicycle theft,Status update unavailable,
96db81a2fbbe11181dab63ad3b7e768dc26ef02c1300c2977cb71efb51b76c31,2019-02,Metropolitan Police Service,Metropolitan Police Service,-0.132256,51.368606,On or near Hallowell Avenue,E01004077,Sutton 011B,Bicycle theft,Status update unavailable,
b4a6583eadd1df0d1a8f466fc83406fd0f489394b143f051c2103186568c33eb,2019-02,Metropolitan Police Service,Metropolitan Police Service,-0.194987,51.364787,On or near St Nicholas Way,E01004142,Sutton 012D,Bicycle theft,Investigation complete; no suspect identified,
afc1336533589699977d3401ab372f37a2a75be10dce672a1e1efb825b852d5b,2019-02,Metropolitan Police Service,Metropolitan Police Service,-0.183781,51.366638,On or near Oliver Road,E01004138,Sutton 013C,Bicycle theft,Status update unavailable,
d9afd94ffbe3a5361857889bdfd2327cb7b4f99f0a7343e9384882a56078bcfd,2019-02,Metropolitan Police Service,Metropolitan Police Service,-0.199116,51.364257,On or near Robin Hood Lane,E01004143,Sutton 014A,Bicycle theft,Status update unavailable,
9c343c822f916ad00233e8b880630841e109aadb8b6893860373432f3b57ec67,2019-02,Metropolitan Police Service,Metropolitan Police Service,-0.161246,51.365423,On or near Parking Area,E01004099,Sutton 015C,Bicycle theft,Investigation complete; no suspect identified,
0f00d855ae91bb301e4ca2e7e5b211749d7169d9ed99e0b7dff2a33685c089fb,2019-02,Metropolitan Police Service,Metropolitan Police Service,-0.215487,51.358114,On or near Supermarket,E01004110,Sutton 016A,Bicycle theft,Status update unavailable,
997dfe63c0a1cffa079344b24b5f8bf5b9f43d1b96424a74035c8e81e902d2b2,2019-02,Metropolitan Police Service,Metropolitan Police Service,-0.191402,51.359507,On or near High Street,E01004156,Sutton 018C,Bicycle theft,Status update unavailable,
d18a1ab3a0b836c83868f1aef2464ee9bede6b0d7b00991d3dd30487e493b063,2019-02,Metropolitan Police Service,Metropolitan Police Service,-0.130939,51.353316,On or near Vanguard Way,E01004083,Sutton 019A,Bicycle theft,Status update unavailable,
462bc6f2724e7ede5d0afc3093c98e90daf768b7986f0ecb21852021194016fe,2019-02,Metropolitan Police Service,Metropolitan Police Service,-0.128926,51.356907,On or near Hospital,E01004086,Sutton 019B,Bicycle theft,Investigation complete; no suspect identified,
c5b6f9dae969000825f0db5c9c6709c25fc19498cb3ec26dc2750629aa3b2343,2019-02,Metropolitan Police Service,Metropolitan Police Service,-0.135484,51.354917,On or near Heron Way,E01004086,Sutton 019B,Bicycle theft,Status update unavailable,
6e659164af545aa0b48d1fd65b3b02b82b3ad6b6fe8abdd28f25c3eb300b2cf8,2019-03,Metropolitan Police Service,Metropolitan Police Service,-0.154180,51.378234,On or near Parking Area,E01004188,Sutton 004E,Bicycle theft,Status update unavailable,
1260e953662f6c8b9eed428941561e570fc22ecb619b037a91f6e2d4882e0099,2019-03,Metropolitan Police Service,Metropolitan Police Service,-0.154180,51.378234,On or near Parking Area,E01004188,Sutton 004E,Bicycle theft,Status update unavailable,
130d1518f508017d393ec67447d6c08f01727ef466c076e35d055281c3f70ae5,2019-03,Metropolitan Police Service,Metropolitan Police Service,-0.165316,51.362429,On or near Carshalton Park Road,E01004102,Sutton 015E,Bicycle theft,Status update unavailable,
f3bd291f642de46b112ccc71ea80332354fdb00d542dfcaace083e92c8cf5cfa,2019-03,Metropolitan Police Service,Metropolitan Police Service,-0.217267,51.357017,On or near Parking Area,E01004110,Sutton 016A,Bicycle theft,Status update unavailable,
7ca3ee1eea881ceb199100358b1d1cc5764f9f6a9a10d3b63052bbe2dbe9ee44,2019-04,Metropolitan Police Service,Metropolitan Police Service,-0.160409,51.384870,On or near Wood Street,E01004185,Sutton 001D,Bicycle theft,Status update unavailable,
735e99494ff43bdac2aa24e671942d83ed1c30814c1907f1820c49400979860f,2019-04,Metropolitan Police Service,Metropolitan Police Service,-0.182957,51.380554,On or near Wrythe Lane,E01004128,Sutton 002D,Bicycle theft,Status update unavailable,
0d4efc28c5b24d95116e5bc252a1db61922ceabc40a57c84d99f81919b027fa8,2019-04,Metropolitan Police Service,Metropolitan Police Service,-0.182957,51.380554,On or near Wrythe Lane,E01004128,Sutton 002D,Bicycle theft,Status update unavailable,
1e2ee5fd77ada5f5b4006ffa24a18011dbfb104e51973686538a4ecb9c5a0820,2019-04,Metropolitan Police Service,Metropolitan Police Service,-0.182957,51.380554,On or near Wrythe Lane,E01004128,Sutton 002D,Bicycle theft,Status update unavailable,
e76e5d8ddf7e43e6801392e41d8e8e3c1ca7a2720043d224d46d44b50cb0aed2,2019-04,Metropolitan Police Service,Metropolitan Police Service,-0.208995,51.371360,On or near St Dunstan'S Hill,E01004130,Sutton 003A,Bicycle theft,Status update unavailable,
a353fccb1292ce333b8ef63f2eced208eb479da8c73c097b248a0ba22e53b0fb,2019-04,Metropolitan Police Service,Metropolitan Police Service,-0.154215,51.382722,On or near Primrose Close,E01004188,Sutton 004E,Bicycle theft,Status update unavailable,
63e69e530ed196aef865b94e4ac2328de78b9199e34ca913161deac63ba31ec7,2019-04,Metropolitan Police Service,Metropolitan Police Service,-0.198845,51.374838,On or near Marlborough Road,E01004145,Sutton 007B,Bicycle theft,Status update unavailable,
4485dad56ea407d5d25fe5f2b2fb0e2fcb820aeb857da277238df5221427a460,2019-04,Metropolitan Police Service,Metropolitan Police Service,-0.158726,51.368791,On or near Arcadia Close,E01004176,Sutton 010E,Bicycle theft,Status update unavailable,
6803f5c6c0301a84fc449840a4799af2ecbf335892070aef160661ded1728025,2019-04,Metropolitan Police Service,Metropolitan Police Service,-0.194902,51.367673,On or near High Street,E01004140,Sutton 012B,Bicycle theft,Status update unavailable,
dbd3cd9facc698cc8bf5f966703e134efd5d351fcbef7b1491ec09b4aab67a85,2019-04,Metropolitan Police Service,Metropolitan Police Service,-0.192383,51.360503,On or near Orme Road,E01004142,Sutton 012D,Bicycle theft,Status update unavailable,
19cfeb4d5ccddf06c0735edce5fc9749a06fe6810eeee7d7193e0a83392a2e1a,2019-04,Metropolitan Police Service,Metropolitan Police Service,-0.191953,51.362295,On or near Shopping Area,E01004142,Sutton 012D,Bicycle theft,Status update unavailable,
bccfc9624e8a157f056f4a8f24e57d40422686b0eccb0b7a84f8383c1c87ab93,2019-04,Metropolitan Police Service,Metropolitan Police Service,-0.192579,51.364283,On or near Shopping Area,E01004142,Sutton 012D,Bicycle theft,Status update unavailable,
5d37b223f140a258ea26d3859641e3ae4d62925c54141081102b037b3108845f,2019-04,Metropolitan Police Service,Metropolitan Police Service,-0.217267,51.357017,On or near Parking Area,E01004110,Sutton 016A,Bicycle theft,Status update unavailable,
9668b7479b222cb647f1645b306de717d2b89de8690e8398aae6c01733c13b6c,2019-04,Metropolitan Police Service,Metropolitan Police Service,-0.148831,51.358384,On or near Parking Area,E01004178,Sutton 017D,Bicycle theft,Status update unavailable,
8b17d2932c6e2f667d892c08d87f765bf8d61a69c879c69399d51f0cff2f8bb6,2019-05,Metropolitan Police Service,Metropolitan Police Service,-0.208285,51.373355,On or near Whittaker Road,E01004130,Sutton 003A,Bicycle theft,Under investigation,
914caf5d9c91ab7eaf73c8bc422f2d4744493ed80d342992baea6ccde0987085,2019-05,Metropolitan Police Service,Metropolitan Police Service,-0.160242,51.378284,On or near Corbet Close,E01004188,Sutton 004E,Bicycle theft,Under investigation,
4fe708614c57d95592e7fc611bcbfc150d7b55924ee551c4a78dc0384d121aca,2019-05,Metropolitan Police Service,Metropolitan Police Service,-0.229844,51.383610,On or near Thames Avenue,E01004193,Sutton 006D,Bicycle theft,Under investigation,
0e2e3bd2ff4875c3f97b90697f528cc85bfa530e9355c011461d3bc60326fb49,2019-05,Metropolitan Police Service,Metropolitan Police Service,-0.229664,51.370388,On or near Willowhayne Gardens,E01004116,Sutton 008A,Bicycle theft,Under investigation,
1a485e55bb9d470e1bbede84ee9c3f43bdec767df143ed1c94bd97882bbd2d5e,2019-05,Metropolitan Police Service,Metropolitan Police Service,-0.130439,51.365601,On or near Bristow Road,E01004080,Sutton 011E,Bicycle theft,Under investigation,
9c6f609be12cc0151eb854a35334b5c4465ed3ddcdec2c45b655ae17005b2bcd,2019-05,Metropolitan Police Service,Metropolitan Police Service,-0.192759,51.365562,On or near Lodge Road,E01004137,Sutton 012A,Bicycle theft,Under investigation,
cdfe3e541aacfe1ed925b6b41b8385b9fbca84a50b32b55ebf6346643fd64253,2019-05,Metropolitan Police Service,Metropolitan Police Service,-0.191447,51.365317,On or near Lenham Road,E01004137,Sutton 012A,Bicycle theft,Under investigation,
ef8aacbdeeabfa03b7df9f50b9c0f65140c5ad8597ba6389761a6a53f18ae665,2019-05,Metropolitan Police Service,Metropolitan Police Service,-0.191512,51.364023,On or near Parking Area,E01004142,Sutton 012D,Bicycle theft,Under investigation,
d1226a6f4fdc0d9f42416f9e96652af9a037e5ace5db5617954ca3d2de90a0e1,2019-05,Metropolitan Police Service,Metropolitan Police Service,-0.204001,51.370852,On or near Collingwood Road,E01004148,Sutton 014B,Bicycle theft,Under investigation,
00caa2f76bde2649e4af53f5a88048e55c8089825e3dd31b464efa1e8124b9cf,2019-05,Metropolitan Police Service,Metropolitan Police Service,-0.201677,51.363056,On or near St James Road,E01004160,Sutton 014D,Bicycle theft,Under investigation,
1d3011140348cc917b7e3938d081c7887231d7cd35c83a2ab01c85c1d20b6bd4,2019-05,Metropolitan Police Service,Metropolitan Police Service,-0.172243,51.359102,On or near Banstead Road,E01004097,Sutton 015A,Bicycle theft,Under investigation,
31d248ebf4be2f6649eb6a8667d496e60ba0cbe3e910bb782e598cc5d95240e5,2019-05,Metropolitan Police Service,Metropolitan Police Service,-0.191402,51.359507,On or near High Street,E01004156,Sutton 018C,Bicycle theft,Under investigation,
6db100b55160c0575dd8d9db49aeef930bfbbe4990be80b77cf0131024c43834,2019-06,Metropolitan Police Service,Metropolitan Police Service,-0.190513,51.383180,On or near Rose Hill,E01004123,Sutton 002A,Bicycle theft,Under investigation,
823609d8c32ca4f16ee5630d87f9c7d1daf680a85ce0727c66c199b4bfc8fd63,2019-06,Metropolitan Police Service,Metropolitan Police Service,-0.177502,51.374975,On or near Hospital,E01004167,Sutton 005D,Bicycle theft,Under investigation,
ff0afce3055619b9c8e5abda5c31f8bb70ea211ed6edc8a0425818010c115c73,2019-06,Metropolitan Police Service,Metropolitan Police Service,-0.239702,51.375755,On or near Balmoral Road,E01004121,Sutton 006B,Bicycle theft,Under investigation,
9f2024662121f8d7c2f246434b3550ae45f85be1dfaf6dbfde9c160de2d2e881,2019-06,Metropolitan Police Service,Metropolitan Police Service,-0.236514,51.386184,On or near Lancaster Close,E01004192,Sutton 006C,Bicycle theft,Under investigation,
ea4c3cf7850ebfdf5015a153703d2dde94b960bb201016d0619aecdd561cc711,2019-06,Metropolitan Police Service,Metropolitan Police Service,-0.134168,51.366820,On or near Goidel Close,E01004079,Sutton 011D,Bicycle theft,Under investigation,
2dc2fe5ef38c08441251a8c03be2f06b2084526243a468ecd732ef8a6634d44c,2019-06,Metropolitan Police Service,Metropolitan Police Service,-0.193175,51.360101,On or near Grove Road,E01004142,Sutton 012D,Bicycle theft,Under investigation,
109b6e60d529bb8e7894f8cd2b9ebbcc6b95c89f1f58d9870615718ff8f641ff,2019-06,Metropolitan Police Service,Metropolitan Police Service,-0.179184,51.364444,On or near Carshalton Grove,E01004103,Sutton 013B,Bicycle theft,Under investigation,
48cd1f74e53cd89a025b2edc5b54cae769899ae0aadca888be25f9058103aca8,2019-06,Metropolitan Police Service,Metropolitan Police Service,-0.217513,51.358451,On or near Parkside,E01004110,Sutton 016A,Bicycle theft,Under investigation,
f56130d1cd902d5fd7fa1d5867a7d36e8376e7a82d9bde1cd5d670cface22cad,2019-06,Metropolitan Police Service,Metropolitan Police Service,-0.208922,51.360352,On or near Fairholme Road,E01004157,Sutton 016E,Bicycle theft,Under investigation,
979615915931fc6564e88a8b06ac43f78e882dc84ffa0e1b08f79118dfc6eb84,2019-06,Metropolitan Police Service,Metropolitan Police Service,-0.199427,51.362554,On or near Sherwood Park Road,E01004162,Sutton 018E,Bicycle theft,Under investigation,
4c96bbacc8fe719212f714fc15343bddb56697e349537b0133110e5b2c0cda6b,2019-07,Metropolitan Police Service,Metropolitan Police Service,-0.204567,51.375105,On or near Petrol Station,E01004130,Sutton 003A,Bicycle theft,Under investigation,
52c7e0f66321ccee17a04e289c8c3d507a3875322261478d3d41979869958950,2019-07,Metropolitan Police Service,Metropolitan Police Service,-0.154180,51.378234,On or near Parking Area,E01004188,Sutton 004E,Bicycle theft,Under investigation,
ed96fb4e871aaba7d525788a63462322f318d589f0260e20a1f89f14aab4e138,2019-07,Metropolitan Police Service,Metropolitan Police Service,-0.155551,51.379515,On or near B277,E01004188,Sutton 004E,Bicycle theft,Under investigation,
966393f594ff2c6a41020e86148f9daededd1ceaaaf074c9ea53d3c9c3bbbefa,2019-07,Metropolitan Police Service,Metropolitan Police Service,-0.154180,51.378234,On or near Parking Area,E01004188,Sutton 004E,Bicycle theft,Under investigation,
148a497ff3e0b7d71979f297b5839cfdc294569f5a7c8e240ba2301e3f48243e,2019-07,Metropolitan Police Service,Metropolitan Police Service,-0.146709,51.365760,On or near Bute Road,E01004173,Sutton 010C,Bicycle theft,Under investigation,
0ffb8be0fd068cc26a2b55ba68f9b5fd08fee387b934264da59eea128d7b18e5,2019-07,Metropolitan Police Service,Metropolitan Police Service,-0.126291,51.371146,On or near Chiswick Close,E01004078,Sutton 011C,Bicycle theft,Under investigation,
9eb357f83950482ca94fb6091f43b6a9721af1d5611673207a51f81287a73696,2019-07,Metropolitan Police Service,Metropolitan Police Service,-0.193905,51.366722,On or near Elm Grove,E01004140,Sutton 012B,Bicycle theft,Under investigation,
a893b2b58e336a4d780b53aaf856852471f2ef4e7227498630b5e7481223e6b5,2019-07,Metropolitan Police Service,Metropolitan Police Service,-0.194280,51.361953,On or near Pedestrian Subway,E01004142,Sutton 012D,Bicycle theft,Under investigation,
132551e4e2d2ee520f3edb3aaaf2690bb790dae9599e893751497352a50ae805,2019-07,Metropolitan Police Service,Metropolitan Police Service,-0.191953,51.362295,On or near Shopping Area,E01004142,Sutton 012D,Bicycle theft,Under investigation,
5d6989f489b3f6d8402fec83b4a76b86816dec498c529808a31a3d09ae380bef,2019-07,Metropolitan Police Service,Metropolitan Police Service,-0.194290,51.366081,On or near High Street,E01004142,Sutton 012D,Bicycle theft,Awaiting court outcome,
7fbb246d85e99ebdf436b1ac160e29f0381e195f3ae438c9deba83421a98083e,2019-07,Metropolitan Police Service,Metropolitan Police Service,-0.194280,51.361953,On or near Pedestrian Subway,E01004142,Sutton 012D,Bicycle theft,Under investigation,
69c5da3dc0eb4955c455751595b8b94ba4d43bb590abf0deedd21f7fdb7e0736,2019-07,Metropolitan Police Service,Metropolitan Police Service,-0.194290,51.366081,On or near High Street,E01004142,Sutton 012D,Bicycle theft,Under investigation,
53b82e8ccd2cae0bf87c0654f107e96697aa086fbb998da4f38ee48dd86fa212,2019-07,Metropolitan Police Service,Metropolitan Police Service,-0.193381,51.370545,On or near Lewis Road,E01004149,Sutton 012E,Bicycle theft,Under investigation,
3fc3a24be18c515f06a78394005b9e7655eb98dab2990784f2508c100a984d99,2019-07,Metropolitan Police Service,Metropolitan Police Service,-0.159507,51.365809,On or near Theatre/Concert Hall,E01004099,Sutton 015C,Bicycle theft,Under investigation,
22757ce506267fd60f4a9ce080ad32a52f21b667095de3db9580b31b1ae5b11d,2019-07,Metropolitan Police Service,Metropolitan Police Service,-0.217267,51.357017,On or near Parking Area,E01004110,Sutton 016A,Bicycle theft,Under investigation,
58f0edd13ff54f7d4d31725dfa428737ed4ec5b7dc1a21fc810bd3840a09c284,2019-07,Metropolitan Police Service,Metropolitan Police Service,-0.197876,51.357413,On or near Stanley Road,E01004156,Sutton 018C,Bicycle theft,Under investigation,
6db91fa19cafef84270b45ff2903f3f919b45585fb83985577cd6d312e1f24d7,2019-07,Metropolitan Police Service,Metropolitan Police Service,-0.191402,51.359507,On or near High Street,E01004156,Sutton 018C,Bicycle theft,Under investigation,
ba7ffa22ac8340254f6ca350eba0d9702c4b88ce9e3289f3de71e5730ce3e686,2019-07,Metropolitan Police Service,Metropolitan Police Service,-0.194549,51.363504,On or near St Nicholas Way,E01004162,Sutton 018E,Bicycle theft,Under investigation,
ee30356d0d0181efd1941c327022c3a01c21b1ae2ced67ce825771439d75fd4b,2019-07,Metropolitan Police Service,Metropolitan Police Service,-0.173871,51.345270,On or near Oakhurst Rise,E01004106,Sutton 022D,Bicycle theft,Under investigation,
ee34f09486ad70417073766195b2c97a5571bb510135f29a857290ec5badd955,2019-08,Metropolitan Police Service,Metropolitan Police Service,-0.174922,51.388901,On or near Revesby Road,E01004189,Sutton 001E,Bicycle theft,Under investigation,
2526f45ec030847989d0187e41bf95fc728927935120edcd18db17f1e920ae29,2019-08,Metropolitan Police Service,Metropolitan Police Service,-0.158298,51.376249,On or near Restmor Way,E01004188,Sutton 004E,Bicycle theft,Under investigation,
980e31eb7acdc070a139718f785147ee55fbb5507d5343ea991607b7cd40af00,2019-08,Metropolitan Police Service,Metropolitan Police Service,-0.158298,51.376249,On or near Restmor Way,E01004188,Sutton 004E,Bicycle theft,Under investigation,
a0a75d7e4cc30bbc85b081fef45b3e46a7a7c868fec14504a90e2cd57c8698e4,2019-08,Metropolitan Police Service,Metropolitan Police Service,-0.243212,51.379018,On or near Supermarket,E01004121,Sutton 006B,Bicycle theft,Under investigation,
3eeafc53f9ea4d8a9824c180f5e31557660cd3b03d016c1d66473bdcbe3b223d,2019-08,Metropolitan Police Service,Metropolitan Police Service,-0.241733,51.378619,On or near Central Road,E01004195,Sutton 006E,Bicycle theft,Under investigation,
4644de6d4c1a8d824e638c0d73e07619f09f92de222452b150bb407c24049b13,2019-08,Metropolitan Police Service,Metropolitan Police Service,-0.225270,51.368101,On or near Malden Road,E01004118,Sutton 009B,Bicycle theft,Under investigation,
cd9df1d775adbefef1deab3b5894d4f10e7a23a00e0ea63652350dc0bc21fe00,2019-08,Metropolitan Police Service,Metropolitan Police Service,-0.193414,51.365689,On or near Manor Place,E01004137,Sutton 012A,Bicycle theft,Under investigation,
5200f73dcdc6996da3234b4f68c1c45dd2ddc605cc717032232a1791c7a2fc73,2019-08,Metropolitan Police Service,Metropolitan Police Service,-0.192968,51.364990,On or near Lodge Place,E01004137,Sutton 012A,Bicycle theft,Under investigation,
5200f73dcdc6996da3234b4f68c1c45dd2ddc605cc717032232a1791c7a2fc73,2019-08,Metropolitan Police Service,Metropolitan Police Service,-0.192968,51.364990,On or near Lodge Place,E01004137,Sutton 012A,Bicycle theft,Under investigation,
95ce29d6b7864b9c094f625f7b0fc204b700e98600057bf5775f0ab221db5bb9,2019-08,Metropolitan Police Service,Metropolitan Police Service,-0.193414,51.365689,On or near Manor Place,E01004137,Sutton 012A,Bicycle theft,Under investigation,
8a1d178b36b83b39d6ade75001c71b6c4f2476628a653c2a06f9aead531b3f6c,2019-08,Metropolitan Police Service,Metropolitan Police Service,-0.194902,51.367673,On or near High Street,E01004140,Sutton 012B,Bicycle theft,Under investigation,
1ed1e3f88db9859e44074c6d816687f88ccc1f0ddbe7c48da08bfe464a2f6024,2019-08,Metropolitan Police Service,Metropolitan Police Service,-0.193175,51.360101,On or near Grove Road,E01004142,Sutton 012D,Bicycle theft,Under investigation,
ad35aefe9a84c03d8f3752af586cd39700b22d955c501c4e4cb8686855786c69,2019-08,Metropolitan Police Service,Metropolitan Police Service,-0.193175,51.360101,On or near Grove Road,E01004142,Sutton 012D,Bicycle theft,Under investigation,
88e2e49f5483d562d45c8a4be8162d79c15375ceb050d9b2cd3621b18bb27943,2019-08,Metropolitan Police Service,Metropolitan Police Service,-0.190727,51.360603,On or near Sutton Court Road,E01004142,Sutton 012D,Bicycle theft,Under investigation,
edaf52cd4c6fd2a2377f8be2b2306bc381f6233a554161f73aa093968f783221,2019-08,Metropolitan Police Service,Metropolitan Police Service,-0.194290,51.366081,On or near High Street,E01004142,Sutton 012D,Bicycle theft,Under investigation,
1de91f3cba04ab2f20b679644f54e67a8534a459395a1f3f96eb440d06c4d2ae,2019-08,Metropolitan Police Service,Metropolitan Police Service,-0.180122,51.363973,On or near Waterloo Road,E01004103,Sutton 013B,Bicycle theft,Under investigation,
fda6d0f879c8a1e175a5515f0f34d6d0704059893be4bb5af9421cafdc8d310a,2019-08,Metropolitan Police Service,Metropolitan Police Service,-0.169660,51.360132,On or near Park Hill,E01004098,Sutton 015B,Bicycle theft,Under investigation,
85ad442e28e31dfdc5509499f75ba5a804b57afd99f1a2c358d58d1a7bcca9eb,2019-08,Metropolitan Police Service,Metropolitan Police Service,-0.196752,51.356433,On or near Worcester Road,E01004152,Sutton 018A,Bicycle theft,Under investigation,
8c17ff1738628bd98eb4bb828d3203a0101f4a4f5fe1b17c12d6f69f9ed08399,2019-08,Metropolitan Police Service,Metropolitan Police Service,-0.191402,51.359507,On or near High Street,E01004156,Sutton 018C,Bicycle theft,Under investigation,
9ac3b72d4ca988b6af4ae7dc61bedcaec95e8f4dd20226fa15d5ba9f5bad5532,2019-08,Metropolitan Police Service,Metropolitan Police Service,-0.191402,51.359507,On or near High Street,E01004156,Sutton 018C,Bicycle theft,Under investigation,
022571183994af76cb0594c162b1a5db7bee6453eb129401a2684742f3a2a4c4,2019-08,Metropolitan Police Service,Metropolitan Police Service,-0.191402,51.359507,On or near High Street,E01004156,Sutton 018C,Bicycle theft,Under investigation,
8b0984555273b51a1b2cabd44c9a8c4de2d4f35145309fb0d886a01a7f866600,2019-08,Metropolitan Police Service,Metropolitan Police Service,-0.134413,51.360079,On or near Parking Area,E01004086,Sutton 019B,Bicycle theft,Under investigation,
8b465159116d387fc8643643e5c297912e68b01b87516547583291acae155aab,2019-08,Metropolitan Police Service,Metropolitan Police Service,-0.193983,51.352317,On or near Westmoreland Drive,E01004153,Sutton 021E,Bicycle theft,Under investigation,
a89de0f14210d719645bb8107af37afbfd79d3d1791d5fac0ab5e4dc6e73d1e7,2019-09,Metropolitan Police Service,Metropolitan Police Service,-0.177502,51.374975,On or near Hospital,E01004167,Sutton 005D,Bicycle theft,Under investigation,
67431bb487eee9840048124ab16f5bab3a586900ce55a8e14d31d123debcf2cd,2019-09,Metropolitan Police Service,Metropolitan Police Service,-0.239375,51.377153,On or near Central Road,E01004121,Sutton 006B,Bicycle theft,Under investigation,
87ffcfb229543fc0189470fae8303c96a26403d455346cd8dd4c336142090094,2019-09,Metropolitan Police Service,Metropolitan Police Service,-0.236514,51.386184,On or near Lancaster Close,E01004192,Sutton 006C,Bicycle theft,Under investigation,
c42ddbabdb5ac3d924a27e1a804be8e1e75313d1081f4611f6119a11305a5628,2019-09,Metropolitan Police Service,Metropolitan Police Service,-0.194796,51.370747,On or near High Street,E01004146,Sutton 007C,Bicycle theft,Under investigation,
b8c0922c2a46f2d56921803960967a8bb99420ee0b229aaaa2a01afe53bee8a2,2019-09,Metropolitan Police Service,Metropolitan Police Service,-0.196210,51.368763,On or near Parking Area,E01004142,Sutton 012D,Bicycle theft,Under investigation,
389db4ddb9dc50b3ee63930d4c2f853688baf9931560d2ad368e18c499e18fdb,2019-09,Metropolitan Police Service,Metropolitan Police Service,-0.183586,51.362129,On or near Victoria Road,E01004139,Sutton 013D,Bicycle theft,Under investigation,
40ca380cc2e05f93f6cd747fa7ad65eacd08a863c0b2ef387ce5753a93f18c3a,2019-09,Metropolitan Police Service,Metropolitan Police Service,-0.217077,51.356736,On or near Kingsway Road,E01004112,Sutton 016C,Bicycle theft,Under investigation,
19062f8152db347ff9126d76c98bef7e401bf785ad2436712807860f55dad160,2019-09,Metropolitan Police Service,Metropolitan Police Service,-0.150729,51.360833,On or near Railway Approach,E01004170,Sutton 017B,Bicycle theft,Under investigation,
389d9114ce39aa341f348f4d0f7692003274e0042b0e79e68e045893a5bd4ad6,2019-09,Metropolitan Police Service,Metropolitan Police Service,-0.191402,51.359507,On or near High Street,E01004156,Sutton 018C,Bicycle theft,Under investigation,
6704adcfa25c614600acfc6bc91da23ce1e04a7d863fb93e09b0015965c2ae2f,2019-09,Metropolitan Police Service,Metropolitan Police Service,-0.191402,51.359507,On or near High Street,E01004156,Sutton 018C,Bicycle theft,Under investigation,
0f46701653879e9e35edf6025cc54c97e4b9d139d1cfa95cfda861e8b295eb5e,2019-09,Metropolitan Police Service,Metropolitan Police Service,-0.190673,51.359055,On or near The Quadrant,E01004150,Sutton 021C,Bicycle theft,Under investigation,
